22RV1	0.96	3.97
23132-87	0.95	3.92
42-MG-BA	0.95	3.75
5637	1	3.05
639-V	0.95	4.61
647-V	0.99	4.83
697	1	1.93
769-P	1	1.94
786-0	1	1.91
8-MG-BA	0.95	2.18
8305C	0.95	2.95
8505C	0.95	2.87
A101D	0.99	2.55
A172	0.95	3.26
A204	1	2
A2058	0.97	2.09
A253	0.95	2.73
A2780	1	2
A3-KAW	0.95	2.04
A375	1	2.7
A388	1	1.95
A4-Fuk	0.95	4.04
A427	0.95	2.99
A431	0.97	5.35
A498	0.95	3.13
A549	0.95	2.65
A673	0.99	1.95
A704	0.95	3.66
ABC-1	0.95	2.33
ACHN	0.95	4.41
ACN	0.95	3.77
AGS	0.95	2.1
ALL-PO	0.95	2.48
AM-38	0.95	3.08
AMO-1	0.96	3.46
AN3-CA	0.95	2.16
ARH-77	1	3.96
ARLES_p_NCLE_DNAAffy2_S_GenomeWideSNP_6_A01_256002	1	1.99
ARLES_p_NCLE_DNAAffy2_S_GenomeWideSNP_6_A02_256004	0.95	2.77
ARLES_p_NCLE_DNAAffy2_S_GenomeWideSNP_6_A03_256006	0.95	3.86
ARLES_p_NCLE_DNAAffy2_S_GenomeWideSNP_6_A04_256008	0.95	2.62
ARLES_p_NCLE_DNAAffy2_S_GenomeWideSNP_6_A05_256010	1	5.32
ARLES_p_NCLE_DNAAffy2_S_GenomeWideSNP_6_A06_256012	0.95	3.63
ARLES_p_NCLE_DNAAffy2_S_GenomeWideSNP_6_A07_256014	1	1.97
ARLES_p_NCLE_DNAAffy2_S_GenomeWideSNP_6_A08_256016	0.95	2.36
ARLES_p_NCLE_DNAAffy2_S_GenomeWideSNP_6_A09_256018	0.95	1.86
ARLES_p_NCLE_DNAAffy2_S_GenomeWideSNP_6_A10_256020	0.95	2.92
ARLES_p_NCLE_DNAAffy2_S_GenomeWideSNP_6_A11_256022	0.95	3.32
ARLES_p_NCLE_DNAAffy2_S_GenomeWideSNP_6_B01_256026	1	3
ARLES_p_NCLE_DNAAffy2_S_GenomeWideSNP_6_B02_256028	1	1.93
ARLES_p_NCLE_DNAAffy2_S_GenomeWideSNP_6_B03_256030	0.95	1.97
ARLES_p_NCLE_DNAAffy2_S_GenomeWideSNP_6_B04_256032	0.95	2.54
ARLES_p_NCLE_DNAAffy2_S_GenomeWideSNP_6_B06_256036	0.95	2.7
ARLES_p_NCLE_DNAAffy2_S_GenomeWideSNP_6_B09_256042	1	1.93
ARLES_p_NCLE_DNAAffy2_S_GenomeWideSNP_6_B10_256044	0.95	1.79
ARLES_p_NCLE_DNAAffy2_S_GenomeWideSNP_6_B11_256046	0.95	2.32
ARLES_p_NCLE_DNAAffy2_S_GenomeWideSNP_6_B12_256048	0.95	2.31
ARLES_p_NCLE_DNAAffy2_S_GenomeWideSNP_6_C01_256050	0.95	4.38
ARLES_p_NCLE_DNAAffy2_S_GenomeWideSNP_6_C02_256052	0.95	2.88
ARLES_p_NCLE_DNAAffy2_S_GenomeWideSNP_6_C03_256054	0.95	3.02
ARLES_p_NCLE_DNAAffy2_S_GenomeWideSNP_6_C04_256056	0.95	3.09
ARLES_p_NCLE_DNAAffy2_S_GenomeWideSNP_6_C05_256058	1	2
ARLES_p_NCLE_DNAAffy2_S_GenomeWideSNP_6_C06_256060	0.95	2.13
ARLES_p_NCLE_DNAAffy2_S_GenomeWideSNP_6_C07_256062	0.95	2.35
ARLES_p_NCLE_DNAAffy2_S_GenomeWideSNP_6_C08_256064	0.95	2.8
ARLES_p_NCLE_DNAAffy2_S_GenomeWideSNP_6_C09_256066	0.95	3.41
ARLES_p_NCLE_DNAAffy2_S_GenomeWideSNP_6_C10_256068	1	2.04
ARLES_p_NCLE_DNAAffy2_S_GenomeWideSNP_6_C11_256070	0.99	1.87
ARLES_p_NCLE_DNAAffy2_S_GenomeWideSNP_6_D01_256074	0.97	1.69
ARLES_p_NCLE_DNAAffy2_S_GenomeWideSNP_6_D02_256076	0.95	3.13
ARLES_p_NCLE_DNAAffy2_S_GenomeWideSNP_6_D03_256078	0.99	1.9
ARLES_p_NCLE_DNAAffy2_S_GenomeWideSNP_6_D04_256080	1	3.08
ARLES_p_NCLE_DNAAffy2_S_GenomeWideSNP_6_D05_256082	1	1.91
ARLES_p_NCLE_DNAAffy2_S_GenomeWideSNP_6_D06_256084	0.96	3.6
ARLES_p_NCLE_DNAAffy2_S_GenomeWideSNP_6_D07_256086	0.99	1.89
ARLES_p_NCLE_DNAAffy2_S_GenomeWideSNP_6_D08_256088	1	1.94
ARLES_p_NCLE_DNAAffy2_S_GenomeWideSNP_6_D09_256090	0.95	2.48
ARLES_p_NCLE_DNAAffy2_S_GenomeWideSNP_6_D10_256092	0.95	2.51
ARLES_p_NCLE_DNAAffy2_S_GenomeWideSNP_6_D11_256094	1	3.7
ARLES_p_NCLE_DNAAffy2_S_GenomeWideSNP_6_D12_256096	0.97	4.05
ARLES_p_NCLE_DNAAffy2_S_GenomeWideSNP_6_E01_256098	0.95	3.83
ARLES_p_NCLE_DNAAffy2_S_GenomeWideSNP_6_E02_256100	1	4.35
ARLES_p_NCLE_DNAAffy2_S_GenomeWideSNP_6_E03_256102	0.95	2.32
ARLES_p_NCLE_DNAAffy2_S_GenomeWideSNP_6_E05_256106	0.97	1.93
ARLES_p_NCLE_DNAAffy2_S_GenomeWideSNP_6_E06_256108	0.95	2.58
ARLES_p_NCLE_DNAAffy2_S_GenomeWideSNP_6_E07_256110	0.95	1.64
ARLES_p_NCLE_DNAAffy2_S_GenomeWideSNP_6_E08_256112	1	1.9
ARLES_p_NCLE_DNAAffy2_S_GenomeWideSNP_6_E09_256114	0.95	2.98
ARLES_p_NCLE_DNAAffy2_S_GenomeWideSNP_6_E10_256116	0.99	1.99
ARLES_p_NCLE_DNAAffy2_S_GenomeWideSNP_6_E11_256118	0.97	2.46
ARLES_p_NCLE_DNAAffy2_S_GenomeWideSNP_6_E12_256120	0.99	3.55
ARLES_p_NCLE_DNAAffy2_S_GenomeWideSNP_6_F01_256122	0.97	2.76
ARLES_p_NCLE_DNAAffy2_S_GenomeWideSNP_6_F02_256124	0.95	3.63
ARLES_p_NCLE_DNAAffy2_S_GenomeWideSNP_6_F03_256126	1	2.65
ARLES_p_NCLE_DNAAffy2_S_GenomeWideSNP_6_F04_256128	1	4
ARLES_p_NCLE_DNAAffy2_S_GenomeWideSNP_6_F05_256130	1	4.2
ARLES_p_NCLE_DNAAffy2_S_GenomeWideSNP_6_F06_256132	1	4.03
ARLES_p_NCLE_DNAAffy2_S_GenomeWideSNP_6_F07_256134	1	3.16
ARLES_p_NCLE_DNAAffy2_S_GenomeWideSNP_6_F08_256136	0.96	3.51
ARLES_p_NCLE_DNAAffy2_S_GenomeWideSNP_6_F09_256138	0.95	4.23
ARLES_p_NCLE_DNAAffy2_S_GenomeWideSNP_6_F10_256140	1	2.75
ARLES_p_NCLE_DNAAffy2_S_GenomeWideSNP_6_F11_256142	1	2.02
ARLES_p_NCLE_DNAAffy2_S_GenomeWideSNP_6_F12_256144	0.99	2.84
ARLES_p_NCLE_DNAAffy2_S_GenomeWideSNP_6_G01_256146	0.97	2.35
ARLES_p_NCLE_DNAAffy2_S_GenomeWideSNP_6_G02_256148	0.99	2.79
ARLES_p_NCLE_DNAAffy2_S_GenomeWideSNP_6_G04_256152	1	3.13
ARLES_p_NCLE_DNAAffy2_S_GenomeWideSNP_6_G05_256154	0.99	3.8
ARLES_p_NCLE_DNAAffy2_S_GenomeWideSNP_6_G06_256156	1	2.92
ARLES_p_NCLE_DNAAffy2_S_GenomeWideSNP_6_G07_256158	0.95	3.24
ARLES_p_NCLE_DNAAffy2_S_GenomeWideSNP_6_G09_256162	0.95	3.64
AsPC-1	0.95	2.38
ATN-1	1	1.95
AU565	0.96	5.33
AWASH_p_NCLE_DNAAffy10_GenomeWideSNP_6_A01_542800	0.98	3.8
AWASH_p_NCLE_DNAAffy10_GenomeWideSNP_6_A04_542844	1	2
AWASH_p_NCLE_DNAAffy10_GenomeWideSNP_6_A05_542874	0.95	1.9
AWASH_p_NCLE_DNAAffy10_GenomeWideSNP_6_A07_542942	1	1.95
AWASH_p_NCLE_DNAAffy10_GenomeWideSNP_6_A08_542868	1	2.8
AWASH_p_NCLE_DNAAffy10_GenomeWideSNP_6_A09_542966	1	1.97
AWASH_p_NCLE_DNAAffy10_GenomeWideSNP_6_A12_542804	1	2.02
AWASH_p_NCLE_DNAAffy10_GenomeWideSNP_6_B01_542936	1	1.94
AWASH_p_NCLE_DNAAffy10_GenomeWideSNP_6_B02_542866	1	2.93
AWASH_p_NCLE_DNAAffy10_GenomeWideSNP_6_B04_542818	0.95	1.93
AWASH_p_NCLE_DNAAffy10_GenomeWideSNP_6_B09_542810	1	3.08
AWASH_p_NCLE_DNAAffy10_GenomeWideSNP_6_B10_542972	1	4.09
AWASH_p_NCLE_DNAAffy10_GenomeWideSNP_6_B11_542808	0.96	3.9
AWASH_p_NCLE_DNAAffy10_GenomeWideSNP_6_C01_542960	1	4.08
AWASH_p_NCLE_DNAAffy10_GenomeWideSNP_6_C02_542918	0.95	3.7
AWASH_p_NCLE_DNAAffy10_GenomeWideSNP_6_C03_542962	0.95	1.86
AWASH_p_NCLE_DNAAffy10_GenomeWideSNP_6_C04_542930	1	2
AWASH_p_NCLE_DNAAffy10_GenomeWideSNP_6_C09_542834	1	1.96
AWASH_p_NCLE_DNAAffy10_GenomeWideSNP_6_C10_542954	1	2.45
AWASH_p_NCLE_DNAAffy10_GenomeWideSNP_6_C11_542898	1	2.13
AWASH_p_NCLE_DNAAffy10_GenomeWideSNP_6_D01_542858	1	2.06
AWASH_p_NCLE_DNAAffy10_GenomeWideSNP_6_D03_542924	1	1.76
AWASH_p_NCLE_DNAAffy10_GenomeWideSNP_6_D04_542788	0.95	2.46
AWASH_p_NCLE_DNAAffy10_GenomeWideSNP_6_D05_542840	1	2
AWASH_p_NCLE_DNAAffy10_GenomeWideSNP_6_D06_542944	1	1.86
AWASH_p_NCLE_DNAAffy10_GenomeWideSNP_6_D07_542826	1	2.65
AWASH_p_NCLE_DNAAffy10_GenomeWideSNP_6_D08_542852	1	2.12
AWASH_p_NCLE_DNAAffy10_GenomeWideSNP_6_D09_542814	1	1.78
AWASH_p_NCLE_DNAAffy10_GenomeWideSNP_6_D10_542812	1	2.15
AWASH_p_NCLE_DNAAffy10_GenomeWideSNP_6_D11_542974	1	2.2
AWASH_p_NCLE_DNAAffy10_GenomeWideSNP_6_D12_542920	1	1.99
AWASH_p_NCLE_DNAAffy10_GenomeWideSNP_6_E01_542794	0.98	2.37
AWASH_p_NCLE_DNAAffy10_GenomeWideSNP_6_E02_542828	1	3.21
AWASH_p_NCLE_DNAAffy10_GenomeWideSNP_6_E03_542970	0.95	2.3
AWASH_p_NCLE_DNAAffy10_GenomeWideSNP_6_E04_542932	0.96	1.98
AWASH_p_NCLE_DNAAffy10_GenomeWideSNP_6_E05_542914	1	1.99
AWASH_p_NCLE_DNAAffy10_GenomeWideSNP_6_E07_542878	0.96	2.1
AWASH_p_NCLE_DNAAffy10_GenomeWideSNP_6_E08_542902	1	4.05
AWASH_p_NCLE_DNAAffy10_GenomeWideSNP_6_E10_542926	0.95	3.05
AWASH_p_NCLE_DNAAffy10_GenomeWideSNP_6_E11_542884	1	1.97
AWASH_p_NCLE_DNAAffy10_GenomeWideSNP_6_E12_542820	0.95	2.69
AWASH_p_NCLE_DNAAffy10_GenomeWideSNP_6_F01_542968	0.95	2.27
AWASH_p_NCLE_DNAAffy10_GenomeWideSNP_6_F02_542906	0.98	2.66
AWASH_p_NCLE_DNAAffy10_GenomeWideSNP_6_F04_542948	0.95	2.02
AWASH_p_NCLE_DNAAffy10_GenomeWideSNP_6_F05_542896	0.99	2.41
AWASH_p_NCLE_DNAAffy10_GenomeWideSNP_6_F06_542882	0.95	5.3
AWASH_p_NCLE_DNAAffy10_GenomeWideSNP_6_F08_542856	0.95	3.6
AWASH_p_NCLE_DNAAffy10_GenomeWideSNP_6_F09_542934	0.95	3.75
AWASH_p_NCLE_DNAAffy10_GenomeWideSNP_6_F10_542910	0.96	3.33
AWASH_p_NCLE_DNAAffy10_GenomeWideSNP_6_F11_542836	1	2.03
AWASH_p_NCLE_DNAAffy10_GenomeWideSNP_6_G02_542842	1	4.5
AWASH_p_NCLE_DNAAffy10_GenomeWideSNP_6_G03_542786	0.95	2.58
AWASH_p_NCLE_DNAAffy10_GenomeWideSNP_6_G04_542916	1	2.06
AWASH_p_NCLE_DNAAffy10_GenomeWideSNP_6_G07_542862	0.96	1.89
AWASH_p_NCLE_DNAAffy10_GenomeWideSNP_6_G08_542792	0.95	1.71
AWASH_p_NCLE_DNAAffy10_GenomeWideSNP_6_G09_542892	0.95	3.19
AWASH_p_NCLE_DNAAffy10_GenomeWideSNP_6_G10_542940	1	3.1
AWASH_p_NCLE_DNAAffy10_GenomeWideSNP_6_G12_542958	0.95	2.73
AWASH_p_NCLE_DNAAffy10_GenomeWideSNP_6_H01_542876	1	1.94
AWASH_p_NCLE_DNAAffy10_GenomeWideSNP_6_H02_542848	1	1.75
AWASH_p_NCLE_DNAAffy10_GenomeWideSNP_6_H05_542822	1	2.07
AWASH_p_NCLE_DNAAffy10_GenomeWideSNP_6_H08_542886	1	2.25
AWASH_p_NCLE_DNAAffy10_GenomeWideSNP_6_H09_542854	1	1.75
AWASH_p_NCLE_DNAAffy10_GenomeWideSNP_6_H10_542870	1	1.84
BALL-1	1	2.02
BB30-HNC	0.95	1.99
BB49-HNC	0.95	2.17
BB65-RCC	0.95	1.64
BC-1	1	2.13
BC-3	0.95	2.03
BCPAP	0.97	2.9
BE-13	0.95	3.41
Becker	0.95	2.61
BEN	1	3.7
BFTC-905	0.95	2.55
BFTC-909	0.95	2.75
BHY	0.95	2.58
BICR10	1	1.92
BICR22	1	2.05
BICR31	0.95	1.95
BICR78	0.98	2.74
BL-41	1	2.01
BONNA-12	0.98	4
BOWER_p_NCLE_DNAAffy8_GenomeWideSNP_6_A01_464622	1	2.07
BOWER_p_NCLE_DNAAffy8_GenomeWideSNP_6_A02_464620	1	1.91
BOWER_p_NCLE_DNAAffy8_GenomeWideSNP_6_A03_464626	0.95	2.66
BOWER_p_NCLE_DNAAffy8_GenomeWideSNP_6_A04_464624	1	1.51
BOWER_p_NCLE_DNAAffy8_GenomeWideSNP_6_A05_464614	1	1.95
BOWER_p_NCLE_DNAAffy8_GenomeWideSNP_6_A06_464612	1	3.47
BOWER_p_NCLE_DNAAffy8_GenomeWideSNP_6_A07_464618	0.99	2.55
BOWER_p_NCLE_DNAAffy8_GenomeWideSNP_6_A08_464616	1	3.6
BOWER_p_NCLE_DNAAffy8_GenomeWideSNP_6_A11_464610	0.95	4.84
BOWER_p_NCLE_DNAAffy8_GenomeWideSNP_6_B02_464602	1	2.04
BOWER_p_NCLE_DNAAffy8_GenomeWideSNP_6_B04_464598	0.99	2.4
BOWER_p_NCLE_DNAAffy8_GenomeWideSNP_6_B06_464594	0.95	1.65
BOWER_p_NCLE_DNAAffy8_GenomeWideSNP_6_B07_464588	1	5.34
BOWER_p_NCLE_DNAAffy8_GenomeWideSNP_6_B09_464584	0.97	3.9
BOWER_p_NCLE_DNAAffy8_GenomeWideSNP_6_B10_464586	1	4.03
BOWER_p_NCLE_DNAAffy8_GenomeWideSNP_6_B11_464580	1	1.84
BOWER_p_NCLE_DNAAffy8_GenomeWideSNP_6_B12_464582	0.95	2.88
BOWER_p_NCLE_DNAAffy8_GenomeWideSNP_6_C02_464578	0.95	2.19
BOWER_p_NCLE_DNAAffy8_GenomeWideSNP_6_C04_464574	1	3.29
BOWER_p_NCLE_DNAAffy8_GenomeWideSNP_6_C05_464570	1	1.99
BOWER_p_NCLE_DNAAffy8_GenomeWideSNP_6_C06_464568	1	2.65
BOWER_p_NCLE_DNAAffy8_GenomeWideSNP_6_C07_464566	1	1.97
BOWER_p_NCLE_DNAAffy8_GenomeWideSNP_6_C08_464564	1	2.85
BOWER_p_NCLE_DNAAffy8_GenomeWideSNP_6_C09_464562	1	2.1
BOWER_p_NCLE_DNAAffy8_GenomeWideSNP_6_C10_464560	1	2.15
BOWER_p_NCLE_DNAAffy8_GenomeWideSNP_6_C11_464558	1	3.9
BOWER_p_NCLE_DNAAffy8_GenomeWideSNP_6_C12_464556	0.95	3.65
BOWER_p_NCLE_DNAAffy8_GenomeWideSNP_6_D01_464554	1	1.93
BOWER_p_NCLE_DNAAffy8_GenomeWideSNP_6_D03_464550	0.98	1.74
BOWER_p_NCLE_DNAAffy8_GenomeWideSNP_6_D04_464548	0.97	5.05
BOWER_p_NCLE_DNAAffy8_GenomeWideSNP_6_D05_464546	1	2.71
BOWER_p_NCLE_DNAAffy8_GenomeWideSNP_6_D09_464716	1	2.85
BOWER_p_NCLE_DNAAffy8_GenomeWideSNP_6_D10_464718	0.95	3.53
BOWER_p_NCLE_DNAAffy8_GenomeWideSNP_6_D11_464720	1	1.68
BOWER_p_NCLE_DNAAffy8_GenomeWideSNP_6_E01_464724	1	3
BOWER_p_NCLE_DNAAffy8_GenomeWideSNP_6_E02_464726	0.97	2.19
BOWER_p_NCLE_DNAAffy8_GenomeWideSNP_6_E04_464730	1	1.87
BOWER_p_NCLE_DNAAffy8_GenomeWideSNP_6_E05_464700	1	1.75
BOWER_p_NCLE_DNAAffy8_GenomeWideSNP_6_E06_464702	0.96	2.66
BOWER_p_NCLE_DNAAffy8_GenomeWideSNP_6_E07_464704	1	5.09
BOWER_p_NCLE_DNAAffy8_GenomeWideSNP_6_E08_464706	1	3.55
BOWER_p_NCLE_DNAAffy8_GenomeWideSNP_6_E10_464710	1	3.61
BOWER_p_NCLE_DNAAffy8_GenomeWideSNP_6_F01_464686	1	1.93
BOWER_p_NCLE_DNAAffy8_GenomeWideSNP_6_F02_464684	1	4.8
BOWER_p_NCLE_DNAAffy8_GenomeWideSNP_6_F03_464690	0.95	2.67
BOWER_p_NCLE_DNAAffy8_GenomeWideSNP_6_F04_464688	1	2.01
BOWER_p_NCLE_DNAAffy8_GenomeWideSNP_6_F06_464692	1	4.03
BOWER_p_NCLE_DNAAffy8_GenomeWideSNP_6_F07_464698	1	2.7
BOWER_p_NCLE_DNAAffy8_GenomeWideSNP_6_F08_464696	1	2.62
BOWER_p_NCLE_DNAAffy8_GenomeWideSNP_6_F09_464670	0.96	2.41
BOWER_p_NCLE_DNAAffy8_GenomeWideSNP_6_F11_464674	1	1.93
BOWER_p_NCLE_DNAAffy8_GenomeWideSNP_6_F12_464672	1	2.6
BOWER_p_NCLE_DNAAffy8_GenomeWideSNP_6_G01_464678	1	2.9
BOWER_p_NCLE_DNAAffy8_GenomeWideSNP_6_G02_464676	1	2.55
BOWER_p_NCLE_DNAAffy8_GenomeWideSNP_6_G05_464656	1	3.18
BOWER_p_NCLE_DNAAffy8_GenomeWideSNP_6_G09_464664	1	3.59
BOWER_p_NCLE_DNAAffy8_GenomeWideSNP_6_G11_464660	0.95	5.35
BOWER_p_NCLE_DNAAffy8_GenomeWideSNP_6_G12_464662	1	2
BOWER_p_NCLE_DNAAffy8_GenomeWideSNP_6_H01_464640	1	2.03
BOWER_p_NCLE_DNAAffy8_GenomeWideSNP_6_H02_464642	1	2.43
BOWER_p_NCLE_DNAAffy8_GenomeWideSNP_6_H03_464636	0.96	1.95
BOWER_p_NCLE_DNAAffy8_GenomeWideSNP_6_H04_464638	0.95	2.2
BOWER_p_NCLE_DNAAffy8_GenomeWideSNP_6_H05_464648	1	2.04
BOWER_p_NCLE_DNAAffy8_GenomeWideSNP_6_H07_464644	1	1.95
BOWER_p_NCLE_DNAAffy8_GenomeWideSNP_6_H08_464646	1	1.93
BOWER_p_NCLE_DNAAffy8_GenomeWideSNP_6_H09_464634	1	2.1
BOWER_p_NCLE_DNAAffy8_GenomeWideSNP_6_H10_464632	1	2.89
BOWER_p_NCLE_DNAAffy8_GenomeWideSNP_6_H11_464630	1	2.27
BOWER_p_NCLE_DNAAffy8_GenomeWideSNP_6_H12_464628	1	2.53
BPH-1	0.95	3.06
BT-20	0.95	4.62
BT-483	0.95	3.65
BT-549	0.95	2.88
BV-173	1	1.97
BxPC-3	0.96	2.37
C-33-A	1	1.97
C-4-I	1	1.87
C32	0.95	1.94
C3A	0.97	2.16
CA46	1	1.98
Ca9-22	0.95	2.42
CADO-ES1	0.95	2.07
CAKI-1	0.95	3.08
CAL-120	0.95	4.15
CAL-12T	0.95	2.37
CAL-148	0.95	2.04
CAL-27	1	1.85
CAL-29	0.95	2.85
CAL-33	0.95	1.98
CAL-39	0.95	4.85
CAL-51	1	2
CAL-54	0.95	2.28
CAL-62	0.95	2.77
CAL-72	0.95	2.26
CAL-78	0.95	3.51
CAL-85-1	0.95	2.55
Calu-3	0.95	2.78
Calu-6	0.99	2.55
CAMA-1	0.95	5.25
Caov-3	0.95	2.98
Caov-4	0.95	4.4
CAPAN-1	0.95	2.49
Capan-2	0.95	3.14
CaR-1	1	2.61
CAS-1	1	4.58
CCF-STTG1	0.97	3.91
CCK-81	0.95	3.64
CCRF-CEM	1	1.99
CESS	0.95	1.97
CFPAC-1	1	2.47
CGTH-W-1	0.98	3.2
ChaGo-K-1	0.96	2.2
CHARY_p_NCLE_DNAAffy9_GenomeWideSNP_6_A03_490392	1	1.81
CHARY_p_NCLE_DNAAffy9_GenomeWideSNP_6_A04_490486	1	4.35
CHARY_p_NCLE_DNAAffy9_GenomeWideSNP_6_A05_490478	0.95	2.02
CHARY_p_NCLE_DNAAffy9_GenomeWideSNP_6_A06_490518	1	1.63
CHARY_p_NCLE_DNAAffy9_GenomeWideSNP_6_A07_490460	1	1.95
CHARY_p_NCLE_DNAAffy9_GenomeWideSNP_6_A10_490440	1	2
CHARY_p_NCLE_DNAAffy9_GenomeWideSNP_6_A12_490504	1	3.81
CHARY_p_NCLE_DNAAffy9_GenomeWideSNP_6_B01_490394	1	2.35
CHARY_p_NCLE_DNAAffy9_GenomeWideSNP_6_B02_490372	1	2.79
CHARY_p_NCLE_DNAAffy9_GenomeWideSNP_6_B04_490386	1	1.93
CHARY_p_NCLE_DNAAffy9_GenomeWideSNP_6_B05_490454	0.95	4.56
CHARY_p_NCLE_DNAAffy9_GenomeWideSNP_6_B06_490494	0.95	5.04
CHARY_p_NCLE_DNAAffy9_GenomeWideSNP_6_B07_490458	1	2.55
CHARY_p_NCLE_DNAAffy9_GenomeWideSNP_6_B08_490354	1	3.9
CHARY_p_NCLE_DNAAffy9_GenomeWideSNP_6_B11_490510	0.95	2.4
CHARY_p_NCLE_DNAAffy9_GenomeWideSNP_6_B12_490428	1	2.9
CHARY_p_NCLE_DNAAffy9_GenomeWideSNP_6_C01_490348	1	1.94
CHARY_p_NCLE_DNAAffy9_GenomeWideSNP_6_C02_490356	0.95	2.72
CHARY_p_NCLE_DNAAffy9_GenomeWideSNP_6_C05_490340	1	1.98
CHARY_p_NCLE_DNAAffy9_GenomeWideSNP_6_C06_490370	1	3.05
CHARY_p_NCLE_DNAAffy9_GenomeWideSNP_6_C07_490506	1	4.46
CHARY_p_NCLE_DNAAffy9_GenomeWideSNP_6_C08_490450	1	2.97
CHARY_p_NCLE_DNAAffy9_GenomeWideSNP_6_C09_490426	1	1.93
CHARY_p_NCLE_DNAAffy9_GenomeWideSNP_6_C10_490500	1	1.99
CHARY_p_NCLE_DNAAffy9_GenomeWideSNP_6_D02_490432	1	1.94
CHARY_p_NCLE_DNAAffy9_GenomeWideSNP_6_D03_490508	1	2.01
CHARY_p_NCLE_DNAAffy9_GenomeWideSNP_6_D04_490498	1	2.07
CHARY_p_NCLE_DNAAffy9_GenomeWideSNP_6_D05_490416	1	1.91
CHARY_p_NCLE_DNAAffy9_GenomeWideSNP_6_D06_490336	1	1.98
CHARY_p_NCLE_DNAAffy9_GenomeWideSNP_6_D07_490364	1	1.85
CHARY_p_NCLE_DNAAffy9_GenomeWideSNP_6_D08_490438	1	1.98
CHARY_p_NCLE_DNAAffy9_GenomeWideSNP_6_D09_490422	0.99	2.07
CHARY_p_NCLE_DNAAffy9_GenomeWideSNP_6_E02_490412	1	2.37
CHARY_p_NCLE_DNAAffy9_GenomeWideSNP_6_E05_490472	1	2.55
CHARY_p_NCLE_DNAAffy9_GenomeWideSNP_6_E06_490352	1	4.75
CHARY_p_NCLE_DNAAffy9_GenomeWideSNP_6_E07_490332	0.98	2.49
CHARY_p_NCLE_DNAAffy9_GenomeWideSNP_6_E08_490384	1	3.63
CHARY_p_NCLE_DNAAffy9_GenomeWideSNP_6_E09_490470	0.99	2.01
CHARY_p_NCLE_DNAAffy9_GenomeWideSNP_6_E10_490496	1	2.08
CHARY_p_NCLE_DNAAffy9_GenomeWideSNP_6_E11_490468	1	2.9
CHARY_p_NCLE_DNAAffy9_GenomeWideSNP_6_E12_490484	1	2.05
CHARY_p_NCLE_DNAAffy9_GenomeWideSNP_6_F02_490448	0.98	1.84
CHARY_p_NCLE_DNAAffy9_GenomeWideSNP_6_F03_490490	1	2.55
CHARY_p_NCLE_DNAAffy9_GenomeWideSNP_6_F04_490502	1	1.82
CHARY_p_NCLE_DNAAffy9_GenomeWideSNP_6_F05_490436	0.98	2.8
CHARY_p_NCLE_DNAAffy9_GenomeWideSNP_6_F06_490482	1	1.95
CHARY_p_NCLE_DNAAffy9_GenomeWideSNP_6_F07_490390	1	2.41
CHARY_p_NCLE_DNAAffy9_GenomeWideSNP_6_F09_490366	1	3.35
CHARY_p_NCLE_DNAAffy9_GenomeWideSNP_6_F10_490358	1	1.91
CHARY_p_NCLE_DNAAffy9_GenomeWideSNP_6_F11_490410	1	1.93
CHARY_p_NCLE_DNAAffy9_GenomeWideSNP_6_F12_490516	0.95	4.1
CHARY_p_NCLE_DNAAffy9_GenomeWideSNP_6_G03_490446	1	1.92
CHARY_p_NCLE_DNAAffy9_GenomeWideSNP_6_G04_490362	1	2.48
CHARY_p_NCLE_DNAAffy9_GenomeWideSNP_6_G05_490434	1	3.02
CHARY_p_NCLE_DNAAffy9_GenomeWideSNP_6_G06_490466	0.97	5.15
CHARY_p_NCLE_DNAAffy9_GenomeWideSNP_6_G08_490452	1	2.24
CHARY_p_NCLE_DNAAffy9_GenomeWideSNP_6_G09_490464	1	5.27
CHARY_p_NCLE_DNAAffy9_GenomeWideSNP_6_G10_490492	1	3.3
CHARY_p_NCLE_DNAAffy9_GenomeWideSNP_6_G12_490398	1	2.13
CHARY_p_NCLE_DNAAffy9_GenomeWideSNP_6_H01_490514	1	2.82
CHARY_p_NCLE_DNAAffy9_GenomeWideSNP_6_H02_490418	0.95	3.85
CHARY_p_NCLE_DNAAffy9_GenomeWideSNP_6_H03_490396	1	1.96
CHARY_p_NCLE_DNAAffy9_GenomeWideSNP_6_H04_490342	1	4.05
CHARY_p_NCLE_DNAAffy9_GenomeWideSNP_6_H05_490430	1	1.91
CHARY_p_NCLE_DNAAffy9_GenomeWideSNP_6_H09_490462	1	2.58
CHARY_p_NCLE_DNAAffy9_GenomeWideSNP_6_H10_490512	1	3.11
CHARY_p_NCLE_DNAAffy9_GenomeWideSNP_6_H11_490344	0.99	3.09
CHARY_p_NCLE_DNAAffy9_GenomeWideSNP_6_H12_490414	1	1.93
CHL-1	1	3.31
CHP-126	0.97	1.99
CHP-134	0.98	1.91
CHP-212	0.95	1.94
CHSA0108	1	2.76
CL-11	1	1.9
CL-34	0.95	1.96
CL-40	1	2.06
CMK	0.95	3.57
CML-T1	1	1.98
COLO-205	0.95	3.06
COLO-320-HSR	0.95	2.22
COLO-668	0.95	2.94
COLO-678	0.95	2.25
COLO-679	1	2.04
COLO-680N	0.95	2.79
COLO-684	0.95	2.25
COLO-741	0.95	4.72
COLO-783	1	4.1
COLO-792	0.95	3.43
COLO-800	1	2.62
COLO-824	0.95	2.32
COLO-829	0.99	2.7
COR-L105	1	1.65
COR-L23	0.95	2.2
COR-L279	0.95	3
COR-L311	0.98	4.75
COR-L88	1	3.35
COR-L95	0.95	2.73
CP50-MEL-B	0.95	2.62
CP66-MEL	0.95	2.02
CP67-MEL	0.96	1.91
CPC-N	0.95	2.01
CRO-AP2	0.99	2.22
CTB-1	1	2.08
CTV-1	0.98	1.99
CW-2	1	1.99
D-245MG	0.95	3.53
D-247MG	0.95	4.04
D-263MG	1	3.1
D-283MED	0.95	1.94
D-336MG	0.95	3.13
D-392MG	0.95	3.75
D-423MG	1	4.16
D-502MG	0.95	3.59
D-542MG	0.95	3.04
D-566MG	0.95	3.23
DAN-G	0.95	2.73
Daoy	0.95	3.92
Daudi	0.99	1.93
DB	0.95	3.07
DBTRG-05MG	0.97	5.55
DEL	0.95	3.13
Detroit562	1	3.05
DG-75	0.95	1.92
DIFI	1	4.47
DJM-1	0.96	1.89
DK-MG	0.95	1.87
DMS-114	0.95	2.77
DMS-273	0.95	3.5
DMS-53	0.97	2.49
DMS-79	0.95	4.5
DND-41	1	1.88
DOHH-2	1	4
DOK	0.95	3.27
DoTc2-4510	0.95	3.1
DOV13	0.95	1.9
DSH1	0.95	3.28
DU-145	1	2.51
DU-4475	0.96	3.7
EB-3	1	1.93
EB2	0.95	1.15
EBC-1	0.95	3.7
EC-GI-10	0.95	3.27
ECC10	0.95	3.49
ECC12	0.95	2.13
EFM-19	0.95	2.72
EFM-192A	1	4.26
EFO-21	0.95	2.71
EFO-27	1	2
EGI-1	0.95	2.63
EHEB	0.95	1.94
EJM	0.95	2.8
EKVX	0.98	2.66
EM-2	1	3.5
EN	0.96	3.7
EoL-1-cell	1	2.1
EPHOR_p_NCLE_Achilles_DNAAffy15_GenomeWideSNP_6_A03_780384	1	2
EPHOR_p_NCLE_Achilles_DNAAffy15_GenomeWideSNP_6_A04_780198	0.95	3.75
EPHOR_p_NCLE_Achilles_DNAAffy15_GenomeWideSNP_6_B10_780248	0.95	3.78
EPHOR_p_NCLE_Achilles_DNAAffy15_GenomeWideSNP_6_B11_780304	1	1.94
EPHOR_p_NCLE_Achilles_DNAAffy15_GenomeWideSNP_6_C06_780386	1	1.89
EPHOR_p_NCLE_Achilles_DNAAffy15_GenomeWideSNP_6_C08_780362	1	3.62
EPHOR_p_NCLE_Achilles_DNAAffy15_GenomeWideSNP_6_C09_780208	1	1.99
EPHOR_p_NCLE_Achilles_DNAAffy15_GenomeWideSNP_6_C10_780376	0.98	2.73
EPHOR_p_NCLE_Achilles_DNAAffy15_GenomeWideSNP_6_D06_780350	1	2
EPHOR_p_NCLE_Achilles_DNAAffy15_GenomeWideSNP_6_D09_780254	1	1.81
EPHOR_p_NCLE_Achilles_DNAAffy15_GenomeWideSNP_6_E06_780200	1	4.87
EPHOR_p_NCLE_Achilles_DNAAffy15_GenomeWideSNP_6_E08_780228	1	1.61
EPHOR_p_NCLE_Achilles_DNAAffy15_GenomeWideSNP_6_E12_780210	1	2.08
EPHOR_p_NCLE_Achilles_DNAAffy15_GenomeWideSNP_6_F01_780336	1	2.49
EPHOR_p_NCLE_Achilles_DNAAffy15_GenomeWideSNP_6_F02_780330	1	2.8
EPHOR_p_NCLE_Achilles_DNAAffy15_GenomeWideSNP_6_F04_780212	1	2.02
EPHOR_p_NCLE_Achilles_DNAAffy15_GenomeWideSNP_6_F06_780348	1	3.24
EPHOR_p_NCLE_Achilles_DNAAffy15_GenomeWideSNP_6_F08_780382	0.98	5.27
EPHOR_p_NCLE_Achilles_DNAAffy15_GenomeWideSNP_6_F09_780206	1	2.4
EPHOR_p_NCLE_Achilles_DNAAffy15_GenomeWideSNP_6_F11_780364	1	4.25
EPHOR_p_NCLE_Achilles_DNAAffy15_GenomeWideSNP_6_F12_780272	0.98	3.95
EPHOR_p_NCLE_Achilles_DNAAffy15_GenomeWideSNP_6_G01_780370	0.96	3.8
EPHOR_p_NCLE_Achilles_DNAAffy15_GenomeWideSNP_6_G02_780354	1	1.99
EPHOR_p_NCLE_Achilles_DNAAffy15_GenomeWideSNP_6_G03_780204	1	1.93
EPHOR_p_NCLE_Achilles_DNAAffy15_GenomeWideSNP_6_G04_780238	1	4.59
EPHOR_p_NCLE_Achilles_DNAAffy15_GenomeWideSNP_6_G05_780302	1	3.45
EPHOR_p_NCLE_Achilles_DNAAffy15_GenomeWideSNP_6_G06_780360	0.99	1.96
EPHOR_p_NCLE_Achilles_DNAAffy15_GenomeWideSNP_6_G07_780268	1	2
EPHOR_p_NCLE_Achilles_DNAAffy15_GenomeWideSNP_6_G08_780374	1	1.94
EPHOR_p_NCLE_Achilles_DNAAffy15_GenomeWideSNP_6_G09_780282	0.95	3.75
EPHOR_p_NCLE_Achilles_DNAAffy15_GenomeWideSNP_6_G10_780218	1	3.98
EPHOR_p_NCLE_Achilles_DNAAffy15_GenomeWideSNP_6_G11_780266	0.99	4.45
EPHOR_p_NCLE_Achilles_DNAAffy15_GenomeWideSNP_6_H01_780332	1	1.93
EPHOR_p_NCLE_Achilles_DNAAffy15_GenomeWideSNP_6_H03_780240	1	1.98
EPHOR_p_NCLE_Achilles_DNAAffy15_GenomeWideSNP_6_H04_780260	1	1.94
EPHOR_p_NCLE_Achilles_DNAAffy15_GenomeWideSNP_6_H05_780224	0.95	2.33
EPLC-272H	0.95	2.86
ES-2	0.95	2.88
ES1	0.95	1.94
ES3	0.95	2.07
ES4	0.99	2.18
ES5	0.95	3.38
ES6	0.95	3.08
ES7	0.95	3.05
ES8	0.95	2.05
ESO26	1	1.7
ESS-1	0.95	3.88
ETK-1	0.95	2.73
EVSA-T	0.95	3.6
EW-1	0.95	2.09
EW-11	1	4.5
EW-12	0.95	2.29
EW-13	0.95	1.88
EW-16	0.97	1.95
EW-18	0.95	2.31
EW-22	0.95	2.36
EW-24	1	2.3
EW-3	0.95	3.95
EW-7	0.99	2.39
FADU	0.95	2.76
Farage	1	1.99
FASTS_p_NCLE_DNAAffy4_S_GenomeWideSNP_6_A02_335190	1	2.55
FASTS_p_NCLE_DNAAffy4_S_GenomeWideSNP_6_A03_335192	1	4.4
FASTS_p_NCLE_DNAAffy4_S_GenomeWideSNP_6_A04_335194	0.95	2.74
FASTS_p_NCLE_DNAAffy4_S_GenomeWideSNP_6_A05_335196	0.95	2.16
FASTS_p_NCLE_DNAAffy4_S_GenomeWideSNP_6_A06_335198	0.95	2.2
FASTS_p_NCLE_DNAAffy4_S_GenomeWideSNP_6_A07_335200	0.98	2.37
FASTS_p_NCLE_DNAAffy4_S_GenomeWideSNP_6_A08_335202	1	2.38
FASTS_p_NCLE_DNAAffy4_S_GenomeWideSNP_6_A09_335204	1	2.05
FASTS_p_NCLE_DNAAffy4_S_GenomeWideSNP_6_A10_335206	0.95	2.4
FASTS_p_NCLE_DNAAffy4_S_GenomeWideSNP_6_A12_335210	0.95	5.2
FASTS_p_NCLE_DNAAffy4_S_GenomeWideSNP_6_B01_335212	1	2.43
FASTS_p_NCLE_DNAAffy4_S_GenomeWideSNP_6_B02_335214	1	2.26
FASTS_p_NCLE_DNAAffy4_S_GenomeWideSNP_6_B03_335216	0.96	3.07
FASTS_p_NCLE_DNAAffy4_S_GenomeWideSNP_6_B04_335218	1	3.23
FASTS_p_NCLE_DNAAffy4_S_GenomeWideSNP_6_B05_335220	0.97	2.3
FASTS_p_NCLE_DNAAffy4_S_GenomeWideSNP_6_B06_335222	0.95	2.63
FASTS_p_NCLE_DNAAffy4_S_GenomeWideSNP_6_B07_335224	0.95	1.57
FASTS_p_NCLE_DNAAffy4_S_GenomeWideSNP_6_B08_335226	0.97	2.29
FASTS_p_NCLE_DNAAffy4_S_GenomeWideSNP_6_B09_335228	1	2.38
FASTS_p_NCLE_DNAAffy4_S_GenomeWideSNP_6_B10_335230	1	2.96
FASTS_p_NCLE_DNAAffy4_S_GenomeWideSNP_6_B11_335232	1	1.85
FASTS_p_NCLE_DNAAffy4_S_GenomeWideSNP_6_B12_335234	1	4.17
FASTS_p_NCLE_DNAAffy4_S_GenomeWideSNP_6_C01_335236	0.99	3.01
FASTS_p_NCLE_DNAAffy4_S_GenomeWideSNP_6_C02_335238	0.95	3.18
FASTS_p_NCLE_DNAAffy4_S_GenomeWideSNP_6_C03_335240	0.95	2.31
FASTS_p_NCLE_DNAAffy4_S_GenomeWideSNP_6_C04_335242	0.95	2.54
FASTS_p_NCLE_DNAAffy4_S_GenomeWideSNP_6_C05_335244	1	3.65
FASTS_p_NCLE_DNAAffy4_S_GenomeWideSNP_6_C06_335246	1	2.95
FASTS_p_NCLE_DNAAffy4_S_GenomeWideSNP_6_C08_335250	1	2.5
FASTS_p_NCLE_DNAAffy4_S_GenomeWideSNP_6_C09_335252	1	3.08
FASTS_p_NCLE_DNAAffy4_S_GenomeWideSNP_6_C10_335254	1	4.25
FASTS_p_NCLE_DNAAffy4_S_GenomeWideSNP_6_C11_335256	0.99	3.53
FASTS_p_NCLE_DNAAffy4_S_GenomeWideSNP_6_C12_335258	1	4.85
FASTS_p_NCLE_DNAAffy4_S_GenomeWideSNP_6_D01_335260	0.95	2.85
FASTS_p_NCLE_DNAAffy4_S_GenomeWideSNP_6_D02_335262	1	1.92
FASTS_p_NCLE_DNAAffy4_S_GenomeWideSNP_6_D04_335266	1	2.98
FASTS_p_NCLE_DNAAffy4_S_GenomeWideSNP_6_D05_335268	0.95	2.89
FASTS_p_NCLE_DNAAffy4_S_GenomeWideSNP_6_D06_335270	0.95	4.1
FASTS_p_NCLE_DNAAffy4_S_GenomeWideSNP_6_D07_335272	0.99	2.75
FASTS_p_NCLE_DNAAffy4_S_GenomeWideSNP_6_D08_335274	1	2.85
FASTS_p_NCLE_DNAAffy4_S_GenomeWideSNP_6_D09_335276	0.95	3.56
FASTS_p_NCLE_DNAAffy4_S_GenomeWideSNP_6_D10_335278	0.95	2.63
FASTS_p_NCLE_DNAAffy4_S_GenomeWideSNP_6_D11_335280	1	1.95
FASTS_p_NCLE_DNAAffy4_S_GenomeWideSNP_6_D12_335282	0.95	1.96
FASTS_p_NCLE_DNAAffy4_S_GenomeWideSNP_6_E01_335284	0.95	3.07
FASTS_p_NCLE_DNAAffy4_S_GenomeWideSNP_6_E02_335286	1	2.05
FASTS_p_NCLE_DNAAffy4_S_GenomeWideSNP_6_E03_335288	0.95	2.84
FASTS_p_NCLE_DNAAffy4_S_GenomeWideSNP_6_E04_335290	1	1.95
FASTS_p_NCLE_DNAAffy4_S_GenomeWideSNP_6_E05_335292	0.98	2.7
FASTS_p_NCLE_DNAAffy4_S_GenomeWideSNP_6_E06_335294	0.99	3.36
FASTS_p_NCLE_DNAAffy4_S_GenomeWideSNP_6_E07_335296	1	1.93
FASTS_p_NCLE_DNAAffy4_S_GenomeWideSNP_6_E08_335298	1	4.55
FASTS_p_NCLE_DNAAffy4_S_GenomeWideSNP_6_E09_335300	1	2.9
FASTS_p_NCLE_DNAAffy4_S_GenomeWideSNP_6_E10_335302	1	2.16
FASTS_p_NCLE_DNAAffy4_S_GenomeWideSNP_6_E11_335304	0.95	2.56
FASTS_p_NCLE_DNAAffy4_S_GenomeWideSNP_6_E12_335306	1	2.7
FASTS_p_NCLE_DNAAffy4_S_GenomeWideSNP_6_F01_335308	0.95	2.13
FASTS_p_NCLE_DNAAffy4_S_GenomeWideSNP_6_F02_335310	0.95	2.53
FASTS_p_NCLE_DNAAffy4_S_GenomeWideSNP_6_F03_335312	1	3.6
FASTS_p_NCLE_DNAAffy4_S_GenomeWideSNP_6_F04_335314	0.95	3.1
FASTS_p_NCLE_DNAAffy4_S_GenomeWideSNP_6_F05_335316	1	1.82
FASTS_p_NCLE_DNAAffy4_S_GenomeWideSNP_6_F06_335318	1	2.55
FASTS_p_NCLE_DNAAffy4_S_GenomeWideSNP_6_F07_335320	1	2.69
FASTS_p_NCLE_DNAAffy4_S_GenomeWideSNP_6_F08_335322	0.95	1.94
FASTS_p_NCLE_DNAAffy4_S_GenomeWideSNP_6_F10_335326	0.95	1.6
FASTS_p_NCLE_DNAAffy4_S_GenomeWideSNP_6_F11_335328	0.95	2.56
FASTS_p_NCLE_DNAAffy4_S_GenomeWideSNP_6_F12_335330	0.95	2.74
FASTS_p_NCLE_DNAAffy4_S_GenomeWideSNP_6_G01_335332	1	1.91
FASTS_p_NCLE_DNAAffy4_S_GenomeWideSNP_6_G02_335334	1	2.96
FASTS_p_NCLE_DNAAffy4_S_GenomeWideSNP_6_G04_335338	0.95	3.52
FASTS_p_NCLE_DNAAffy4_S_GenomeWideSNP_6_G05_335340	0.95	2.71
FASTS_p_NCLE_DNAAffy4_S_GenomeWideSNP_6_G06_335342	0.98	3.55
FASTS_p_NCLE_DNAAffy4_S_GenomeWideSNP_6_H10_335374	1	3
FASTS_p_NCLE_DNAAffy4_S_GenomeWideSNP_6_H11_335376	1	1.72
FASTS_p_NCLE_DNAAffy4_S_GenomeWideSNP_6_H12_335378	1	2.7
FIEFS_p_NCLE_DNA_Affy5_GenomeWideSNP_6_B04_410886	1	1.91
FIEFS_p_NCLE_DNA_Affy5_GenomeWideSNP_6_B05_410888	0.95	2.14
FIEFS_p_NCLE_DNA_Affy5_GenomeWideSNP_6_B06_410890	0.95	1.93
FIEFS_p_NCLE_DNA_Affy5_GenomeWideSNP_6_B07_410892	1	1.93
FIEFS_p_NCLE_DNA_Affy5_GenomeWideSNP_6_B08_410894	0.95	3.26
FIEFS_p_NCLE_DNA_Affy5_GenomeWideSNP_6_B09_410896	1	2.03
FIEFS_p_NCLE_DNA_Affy5_GenomeWideSNP_6_B11_410900	0.98	3.45
FIEFS_p_NCLE_DNA_Affy5_GenomeWideSNP_6_B12_411058	0.96	3.12
FIEFS_p_NCLE_DNA_Affy5_GenomeWideSNP_6_C01_411060	1	3.95
FIEFS_p_NCLE_DNA_Affy5_GenomeWideSNP_6_C03_411056	0.99	2.97
FIEFS_p_NCLE_DNA_Affy5_GenomeWideSNP_6_C04_411050	1	2.48
FIEFS_p_NCLE_DNA_Affy5_GenomeWideSNP_6_C05_411052	0.95	2.84
FIEFS_p_NCLE_DNA_Affy5_GenomeWideSNP_6_C06_411046	0.95	1.15
FIEFS_p_NCLE_DNA_Affy5_GenomeWideSNP_6_C08_411042	0.97	1.91
FIEFS_p_NCLE_DNA_Affy5_GenomeWideSNP_6_C09_411044	1	1.99
FIEFS_p_NCLE_DNA_Affy5_GenomeWideSNP_6_C10_411038	0.95	2.92
FIEFS_p_NCLE_DNA_Affy5_GenomeWideSNP_6_C12_411034	0.95	2.6
FIEFS_p_NCLE_DNA_Affy5_GenomeWideSNP_6_D03_411032	1	1.92
FIEFS_p_NCLE_DNA_Affy5_GenomeWideSNP_6_D04_411028	1	2.01
FIEFS_p_NCLE_DNA_Affy5_GenomeWideSNP_6_D05_411026	1	1.94
FIEFS_p_NCLE_DNA_Affy5_GenomeWideSNP_6_D06_411024	1	2.87
FIEFS_p_NCLE_DNA_Affy5_GenomeWideSNP_6_D07_411022	1	3.45
FIEFS_p_NCLE_DNA_Affy5_GenomeWideSNP_6_D08_411020	1	2.95
FIEFS_p_NCLE_DNA_Affy5_GenomeWideSNP_6_D09_411018	1	2.01
FIEFS_p_NCLE_DNA_Affy5_GenomeWideSNP_6_D10_411016	0.99	2.94
FIEFS_p_NCLE_DNA_Affy5_GenomeWideSNP_6_D11_411014	0.98	2.59
FIEFS_p_NCLE_DNA_Affy5_GenomeWideSNP_6_D12_411012	0.95	2.9
FIEFS_p_NCLE_DNA_Affy5_GenomeWideSNP_6_E01_411010	0.95	2.21
FIEFS_p_NCLE_DNA_Affy5_GenomeWideSNP_6_E02_411008	0.98	3.5
FIEFS_p_NCLE_DNA_Affy5_GenomeWideSNP_6_E04_411004	0.98	2.29
FIEFS_p_NCLE_DNA_Affy5_GenomeWideSNP_6_E05_411002	0.97	2.94
FIEFS_p_NCLE_DNA_Affy5_GenomeWideSNP_6_E06_411000	0.95	4.4
FIEFS_p_NCLE_DNA_Affy5_GenomeWideSNP_6_E07_410998	0.95	3.05
FIEFS_p_NCLE_DNA_Affy5_GenomeWideSNP_6_E09_410992	1	2.49
FIEFS_p_NCLE_DNA_Affy5_GenomeWideSNP_6_E10_410994	1	1.9
FIEFS_p_NCLE_DNA_Affy5_GenomeWideSNP_6_E11_410996	0.95	2.83
FIEFS_p_NCLE_DNA_Affy5_GenomeWideSNP_6_E12_410982	0.95	3.59
FIEFS_p_NCLE_DNA_Affy5_GenomeWideSNP_6_F01_410984	0.95	2.48
FIEFS_p_NCLE_DNA_Affy5_GenomeWideSNP_6_F02_410986	1	1.81
FIEFS_p_NCLE_DNA_Affy5_GenomeWideSNP_6_F04_410974	1	3.28
FIEFS_p_NCLE_DNA_Affy5_GenomeWideSNP_6_F05_410976	0.97	3.45
FIEFS_p_NCLE_DNA_Affy5_GenomeWideSNP_6_F06_410978	1	2.04
FIEFS_p_NCLE_DNA_Affy5_GenomeWideSNP_6_F07_410980	0.95	2.93
FIEFS_p_NCLE_DNA_Affy5_GenomeWideSNP_6_F09_410968	1	1.95
FIEFS_p_NCLE_DNA_Affy5_GenomeWideSNP_6_F10_410970	1	4.02
FIEFS_p_NCLE_DNA_Affy5_GenomeWideSNP_6_F11_410972	1	3.45
FIEFS_p_NCLE_DNA_Affy5_GenomeWideSNP_6_F12_410960	1	2.61
FIEFS_p_NCLE_DNA_Affy5_GenomeWideSNP_6_G01_410958	1	1.98
FIEFS_p_NCLE_DNA_Affy5_GenomeWideSNP_6_G02_410964	1	1.72
FIEFS_p_NCLE_DNA_Affy5_GenomeWideSNP_6_G03_410962	0.95	1.25
FIEFS_p_NCLE_DNA_Affy5_GenomeWideSNP_6_G04_410952	1	2.13
FIEFS_p_NCLE_DNA_Affy5_GenomeWideSNP_6_G05_410950	1	1.99
FIEFS_p_NCLE_DNA_Affy5_GenomeWideSNP_6_G06_410956	1	2.19
FIEFS_p_NCLE_DNA_Affy5_GenomeWideSNP_6_G07_410954	0.95	1.66
FIEFS_p_NCLE_DNA_Affy5_GenomeWideSNP_6_G08_410944	1	4.4
FIEFS_p_NCLE_DNA_Affy5_GenomeWideSNP_6_G09_410942	1	1.84
FIEFS_p_NCLE_DNA_Affy5_GenomeWideSNP_6_G10_410948	1	2.57
FIEFS_p_NCLE_DNA_Affy5_GenomeWideSNP_6_G11_410946	0.96	1.92
FIEFS_p_NCLE_DNA_Affy5_GenomeWideSNP_6_G12_410936	1	2.02
FIEFS_p_NCLE_DNA_Affy5_GenomeWideSNP_6_H02_410940	0.95	4.59
FIEFS_p_NCLE_DNA_Affy5_GenomeWideSNP_6_H03_410938	1	1.95
FIEFS_p_NCLE_DNA_Affy5_GenomeWideSNP_6_H04_410922	1	1.96
FIEFS_p_NCLE_DNA_Affy5_GenomeWideSNP_6_H05_410924	1	2.13
FIEFS_p_NCLE_DNA_Affy5_GenomeWideSNP_6_H06_410918	1	2.97
FIEFS_p_NCLE_DNA_Affy5_GenomeWideSNP_6_H07_410920	1	2
FIEFS_p_NCLE_DNA_Affy5_GenomeWideSNP_6_H08_410930	1	1.95
FIEFS_p_NCLE_DNA_Affy5_GenomeWideSNP_6_H09_410932	0.98	3.11
FIEFS_p_NCLE_DNA_Affy5_GenomeWideSNP_6_H10_410926	1	2.01
FIEFS_p_NCLE_DNA_Affy5_GenomeWideSNP_6_H11_410928	0.96	1.72
FLO-1	1	1.91
FTC-133	1	4.9
FU-OV-1	0.95	2.75
FU97	0.95	3.01
G-361	0.95	3.04
G-401	1	1.94
G-402	1	2.07
GA-10	1	1.94
GAK	0.95	2.53
GAMG	0.95	2.85
GB-1	0.95	2.82
GCIY	0.95	2.57
GCT	0.97	3.65
GDM-1	0.95	2.06
GI-ME-N	0.95	3.28
GMS-10	1	2.93
GOTO	0.95	3.85
GP5d	1	1.99
GR-ST	0.99	2.02
GRANTA-519	1	1.88
GT3TKB	0.95	2.2
H-EMC-SS	1	2
H2369	1	3.31
H2595	1	2.96
H2795	1	1.86
H2804	0.95	4.6
H3118	1	2.03
H4	0.95	2.91
H9	0.97	3.85
HA7-RCC	0.96	3.3
HAL-01	1	1.98
HARA	0.95	2.59
HC-1	0.95	1.94
HCC-15	1	1.59
HCC-366	1	2.35
HCC-44	0.95	1.85
HCC-56	0.95	2.66
HCC-78	1	2
HCC-827	0.95	2.82
HCC1143	0.96	3.12
HCC1187	0.95	2.5
HCC1395	0.95	2.45
HCC1419	1	4.53
HCC1428	0.99	3.29
HCC1500	0.96	3.03
HCC1569	1	4.01
HCC1599	1	2.55
HCC1806	0.95	2.19
HCC1937	0.95	1.15
HCC202	0.95	2.77
HCC2157	0.95	2.56
HCC2218	0.95	4.6
HCC2998	1	2.07
HCC38	0.95	3.21
HCC70	0.99	4.2
HCE-4	0.95	2.49
HCT-116	1	1.98
HCT-15	1	1.93
HD-MY-Z	0.95	2.32
HDLM-2	0.95	1.84
HEC-1	0.95	3.29
HEL	0.95	2.68
HeLa	0.95	4.69
Hey	0.96	3.64
HGC-27	0.95	2.87
HH	0.96	1.93
HL-60	0.98	1.88
HLE	1	3.63
HMV-II	1	2.8
HN	0.95	2.96
HO-1-N-1	0.98	3.35
HO-1-u-1	1	2.47
HONEY_p_NCLE_DNAAffy3_S_GenomeWideSNP_6_A01_293280	0.95	1.99
HONEY_p_NCLE_DNAAffy3_S_GenomeWideSNP_6_A02_293282	0.95	2.55
HONEY_p_NCLE_DNAAffy3_S_GenomeWideSNP_6_A03_293284	1	2
HONEY_p_NCLE_DNAAffy3_S_GenomeWideSNP_6_A04_293286	1	1.93
HONEY_p_NCLE_DNAAffy3_S_GenomeWideSNP_6_A05_293288	0.95	3.81
HONEY_p_NCLE_DNAAffy3_S_GenomeWideSNP_6_A06_293290	0.95	3.75
HONEY_p_NCLE_DNAAffy3_S_GenomeWideSNP_6_A07_293292	1	3
HONEY_p_NCLE_DNAAffy3_S_GenomeWideSNP_6_A08_293294	0.95	2.56
HONEY_p_NCLE_DNAAffy3_S_GenomeWideSNP_6_A09_293296	0.95	3.77
HONEY_p_NCLE_DNAAffy3_S_GenomeWideSNP_6_A10_293298	1	2.09
HONEY_p_NCLE_DNAAffy3_S_GenomeWideSNP_6_A11_293300	0.95	1.77
HONEY_p_NCLE_DNAAffy3_S_GenomeWideSNP_6_A12_293302	0.95	3.66
HONEY_p_NCLE_DNAAffy3_S_GenomeWideSNP_6_B02_293306	0.95	2.65
HONEY_p_NCLE_DNAAffy3_S_GenomeWideSNP_6_B03_293308	0.95	4.73
HONEY_p_NCLE_DNAAffy3_S_GenomeWideSNP_6_B04_293310	0.98	2.27
HONEY_p_NCLE_DNAAffy3_S_GenomeWideSNP_6_B05_293312	0.95	4.24
HONEY_p_NCLE_DNAAffy3_S_GenomeWideSNP_6_B07_293316	0.95	2.55
HONEY_p_NCLE_DNAAffy3_S_GenomeWideSNP_6_B09_293320	0.95	3.52
HONEY_p_NCLE_DNAAffy3_S_GenomeWideSNP_6_B10_293322	1	1.99
HONEY_p_NCLE_DNAAffy3_S_GenomeWideSNP_6_B11_293324	1	2.03
HONEY_p_NCLE_DNAAffy3_S_GenomeWideSNP_6_B12_293326	1	4.79
HONEY_p_NCLE_DNAAffy3_S_GenomeWideSNP_6_C01_293328	0.99	1.95
HONEY_p_NCLE_DNAAffy3_S_GenomeWideSNP_6_C02_293330	0.95	5.28
HONEY_p_NCLE_DNAAffy3_S_GenomeWideSNP_6_C03_293332	0.95	3.24
HONEY_p_NCLE_DNAAffy3_S_GenomeWideSNP_6_C04_293334	0.96	2.47
HONEY_p_NCLE_DNAAffy3_S_GenomeWideSNP_6_C06_293338	0.95	2.92
HONEY_p_NCLE_DNAAffy3_S_GenomeWideSNP_6_C07_293340	1	2.96
HONEY_p_NCLE_DNAAffy3_S_GenomeWideSNP_6_C08_293342	0.95	4.32
HONEY_p_NCLE_DNAAffy3_S_GenomeWideSNP_6_C09_293344	0.95	3.2
HONEY_p_NCLE_DNAAffy3_S_GenomeWideSNP_6_C10_293346	1	2.04
HONEY_p_NCLE_DNAAffy3_S_GenomeWideSNP_6_C11_293348	0.95	2.56
HONEY_p_NCLE_DNAAffy3_S_GenomeWideSNP_6_C12_293350	0.95	2.2
HONEY_p_NCLE_DNAAffy3_S_GenomeWideSNP_6_D01_293352	0.95	1.55
HONEY_p_NCLE_DNAAffy3_S_GenomeWideSNP_6_D02_293354	0.95	2.8
HONEY_p_NCLE_DNAAffy3_S_GenomeWideSNP_6_D03_293356	0.95	2.54
HONEY_p_NCLE_DNAAffy3_S_GenomeWideSNP_6_D04_293358	0.95	3.76
HONEY_p_NCLE_DNAAffy3_S_GenomeWideSNP_6_D05_293360	0.95	2.09
HONEY_p_NCLE_DNAAffy3_S_GenomeWideSNP_6_D06_293362	0.95	4.7
HONEY_p_NCLE_DNAAffy3_S_GenomeWideSNP_6_D07_293364	0.95	3.99
HONEY_p_NCLE_DNAAffy3_S_GenomeWideSNP_6_D08_293366	0.95	2.71
HONEY_p_NCLE_DNAAffy3_S_GenomeWideSNP_6_D09_293368	0.96	1.74
HONEY_p_NCLE_DNAAffy3_S_GenomeWideSNP_6_E01_293376	0.96	4.91
HONEY_p_NCLE_DNAAffy3_S_GenomeWideSNP_6_E02_293378	0.95	2.96
HONEY_p_NCLE_DNAAffy3_S_GenomeWideSNP_6_E03_293380	0.97	2.06
HONEY_p_NCLE_DNAAffy3_S_GenomeWideSNP_6_E04_293382	0.95	2.31
HONEY_p_NCLE_DNAAffy3_S_GenomeWideSNP_6_E05_293384	0.95	4.55
HONEY_p_NCLE_DNAAffy3_S_GenomeWideSNP_6_E06_293386	0.95	2.17
HONEY_p_NCLE_DNAAffy3_S_GenomeWideSNP_6_E07_293388	0.95	2.59
HONEY_p_NCLE_DNAAffy3_S_GenomeWideSNP_6_E08_293390	0.95	3.38
HONEY_p_NCLE_DNAAffy3_S_GenomeWideSNP_6_E09_293392	0.95	3.13
HONEY_p_NCLE_DNAAffy3_S_GenomeWideSNP_6_E10_293394	0.95	2.86
HONEY_p_NCLE_DNAAffy3_S_GenomeWideSNP_6_E11_293396	0.95	2.15
HONEY_p_NCLE_DNAAffy3_S_GenomeWideSNP_6_E12_293398	0.95	4.15
HONEY_p_NCLE_DNAAffy3_S_GenomeWideSNP_6_F01_293400	0.96	3.65
HONEY_p_NCLE_DNAAffy3_S_GenomeWideSNP_6_F02_293402	1	3.81
HONEY_p_NCLE_DNAAffy3_S_GenomeWideSNP_6_F03_293404	0.95	2.5
HONEY_p_NCLE_DNAAffy3_S_GenomeWideSNP_6_F04_293406	0.95	2.66
HONEY_p_NCLE_DNAAffy3_S_GenomeWideSNP_6_F05_293408	0.95	2.13
HONEY_p_NCLE_DNAAffy3_S_GenomeWideSNP_6_F06_293410	0.95	3.09
HONEY_p_NCLE_DNAAffy3_S_GenomeWideSNP_6_F07_293412	0.98	2.57
HONEY_p_NCLE_DNAAffy3_S_GenomeWideSNP_6_F08_293414	0.96	1.65
HONEY_p_NCLE_DNAAffy3_S_GenomeWideSNP_6_F09_293416	0.95	3.56
HONEY_p_NCLE_DNAAffy3_S_GenomeWideSNP_6_G01_293424	0.99	1.71
HONEY_p_NCLE_DNAAffy3_S_GenomeWideSNP_6_G02_293426	0.95	2.79
HONEY_p_NCLE_DNAAffy3_S_GenomeWideSNP_6_G04_293430	0.95	2.14
HONEY_p_NCLE_DNAAffy3_S_GenomeWideSNP_6_G05_293432	0.95	2.82
HONEY_p_NCLE_DNAAffy3_S_GenomeWideSNP_6_G08_293438	0.95	2.63
HONEY_p_NCLE_DNAAffy3_S_GenomeWideSNP_6_G09_293440	0.97	2.88
HONEY_p_NCLE_DNAAffy3_S_GenomeWideSNP_6_G10_293442	0.99	2.5
HONEY_p_NCLE_DNAAffy3_S_GenomeWideSNP_6_G11_293444	0.95	2.7
HONEY_p_NCLE_DNAAffy3_S_GenomeWideSNP_6_H01_293448	0.95	1.64
HONEY_p_NCLE_DNAAffy3_S_GenomeWideSNP_6_H04_293454	0.95	4.33
HONEY_p_NCLE_DNAAffy3_S_GenomeWideSNP_6_H05_293456	1	2.43
HONEY_p_NCLE_DNAAffy3_S_GenomeWideSNP_6_H06_293458	0.95	2.47
HONEY_p_NCLE_DNAAffy3_S_GenomeWideSNP_6_H09_293464	0.95	3.09
HONEY_p_NCLE_DNAAffy3_S_GenomeWideSNP_6_H11_293468	0.96	2.87
HONEY_p_NCLE_DNAAffy3_S_GenomeWideSNP_6_H12_293470	0.97	2.71
HOP-62	0.95	2.61
HOP-92	1	4.2
HOS	0.95	2.1
HPAC	1	2.64
HPAF-II	0.95	2.46
Hs-445	0.98	2.05
Hs-578-T	0.95	2.46
Hs746T	0.99	3.9
HSC-2	0.95	4.55
HSC-3	1	2.7
HSC-4	1	4.55
HT	0.96	1.88
HT-1080	0.95	1.97
HT-115	1	2.03
HT-1197	0.95	3.07
HT-1376	0.95	2.24
HT-144	0.95	2.55
HT-29	0.95	2.94
HT-3	1	2.85
HT55	0.95	3.49
HTC-C3	0.95	2.76
HuCCT1	0.95	3.05
huH-1	0.95	2.75
HuH-7	0.95	2.34
HuO-3N1	1	4.45
HuO9	0.95	3.9
HuP-T3	0.95	3.34
HuP-T4	0.95	3.21
HUTU-80	1	1.93
IA-LM	0.95	2.26
IGR-1	0.95	2.97
IGR-37	1	3.9
IGROV-1	1	1.97
IM-9	1	1.95
IM-95	1	3.95
IMR-5	0.96	2.01
IPC-298	0.95	3.32
Ishikawa_Heraklio_02ER-	1	2.18
IST-MEL1	1	3.35
IST-MES1	0.95	3.16
IST-SL1	0.95	3.08
IST-SL2	0.95	1.92
J82	0.95	3.8
JAR	0.98	2.95
JEG-3	0.96	3.05
JEKO-1	1	1.7
JHH-1	1	4
JHH-6	0.95	4.05
JHH-7	0.97	2.91
JHOS-2	1	2.65
JHOS-4	0.95	3.8
JHU-011	0.95	4.59
JHU-022	1	3.89
JHU-029	0.96	2.17
JIMT-1	1	2.42
JiyoyeP-2003	1	1.96
JJN-3	0.96	2.56
JM1	1	2.2
JURL-MK1	1	1.84
JVM-2	0.96	2.02
JVM-3	1	1.95
K-562	0.95	2.84
K2	1	2.69
K5	0.99	3.9
KALS-1	0.95	2.72
KARPAS-1106P	0.95	2.08
KARPAS-299	0.95	1.86
KARPAS-422	0.95	4.04
KARPAS-45	1	1.77
KARPAS-620	1	3.05
KASUMI-1	1	1.92
KATOIII	0.95	3.51
KCL-22	1	2.16
KELLY	1	1.93
KG-1	1	1.91
KGN	0.95	1.97
KINGS-1	0.95	1.81
KLE	0.96	2.58
KM-H2	0.95	2.75
KM12	1	1.89
KMOE-2	1	4.75
KMRC-1	1	3.19
KMRC-20	0.95	2.99
KMS-11	1	2.98
KMS-12-BM	1	3.28
KNS-42	0.95	2.94
KNS-62	0.95	2.4
KNS-81-FD	0.95	3.28
KOPN-8	1	2
KOSC-2	0.95	2.61
KP-1N	0.95	2.37
KP-3	0.95	2.62
KP-4	1	4.03
KP-N-RT-BM-1	0.98	1.91
KP-N-YN	1	1.89
KP-N-YS	0.95	4.96
KS-1	0.95	3.39
KU-19-19	0.95	3.11
KU812	1	2.39
KURAMOCHI	0.95	2.46
KY821	1	1.88
KYM-1	1	1.94
KYSE-140	1	3.83
KYSE-150	1	3.1
KYSE-180	0.95	2.48
KYSE-220	0.95	2.81
KYSE-270	0.95	2.75
KYSE-410	1	4.05
KYSE-450	0.95	4.34
KYSE-50	0.95	3.57
KYSE-510	0.99	4.5
KYSE-520	0.95	2.58
KYSE-70	1	3.56
L-1236	0.99	2.75
L-363	0.95	2.06
L-428	0.95	4.23
L-540	0.95	2.79
LAMA-84	1	3
LAN-6	0.95	1.91
LB1047-RCC	0.95	2.41
LB2241-RCC	0.95	2.5
LB2518-MEL	0.95	3.08
LB373-MEL-D	0.95	3.16
LB647-SCLC	0.95	2.26
LB771-HNC	0.95	2.91
LB831-BLC	0.95	3.03
LB996-RCC	0.95	1.94
LC-1-sq	0.98	4.55
LC-2-ad	1	2.4
LC4-1	1	1.96
LCLC-97TM1	0.95	2.72
LIMPS_p_NCLE_DNA2N_GenomeWideSNP_6_B04_246640	0.97	3.21
LIMPS_p_NCLE_DNA2N_GenomeWideSNP_6_B05_246642	0.96	3.63
LIMPS_p_NCLE_DNA2N_GenomeWideSNP_6_B06_246644	0.96	3.33
LIMPS_p_NCLE_DNA2N_GenomeWideSNP_6_B07_246646	0.95	2.74
LIMPS_p_NCLE_DNA2N_GenomeWideSNP_6_B08_246648	0.95	2.68
LIMPS_p_NCLE_DNA2N_GenomeWideSNP_6_B09_246650	0.95	2.4
LIMPS_p_NCLE_DNA2N_GenomeWideSNP_6_B10_246652	1	2.17
LIMPS_p_NCLE_DNA2N_GenomeWideSNP_6_B12_246656	1	3.9
LIMPS_p_NCLE_DNA2N_GenomeWideSNP_6_C01_246658	1	3.96
LIMPS_p_NCLE_DNA2N_GenomeWideSNP_6_C02_246660	0.99	2.45
LIMPS_p_NCLE_DNA2N_GenomeWideSNP_6_C03_246662	0.97	2.39
LIMPS_p_NCLE_DNA2N_GenomeWideSNP_6_C04_246664	0.95	2.13
LIMPS_p_NCLE_DNA2N_GenomeWideSNP_6_C05_246666	1	1.95
LIMPS_p_NCLE_DNA2N_GenomeWideSNP_6_C06_246668	0.95	3.27
LIMPS_p_NCLE_DNA2N_GenomeWideSNP_6_C07_246670	0.98	2.98
LIMPS_p_NCLE_DNA2N_GenomeWideSNP_6_C08_246672	0.95	3.39
LIMPS_p_NCLE_DNA2N_GenomeWideSNP_6_C09_246674	1	2.02
LIMPS_p_NCLE_DNA2N_GenomeWideSNP_6_C10_246676	0.95	2.79
LIMPS_p_NCLE_DNA2N_GenomeWideSNP_6_C11_246678	1	1.97
LIMPS_p_NCLE_DNA2N_GenomeWideSNP_6_C12_246680	1	3.22
LIMPS_p_NCLE_DNA2N_GenomeWideSNP_6_D01_246682	0.98	1.99
LIMPS_p_NCLE_DNA2N_GenomeWideSNP_6_D02_246684	0.95	5.07
LIMPS_p_NCLE_DNA2N_GenomeWideSNP_6_D03_246686	0.95	1.71
LIMPS_p_NCLE_DNA2N_GenomeWideSNP_6_D04_246688	1	4.01
LIMPS_p_NCLE_DNA2N_GenomeWideSNP_6_D05_246690	0.98	2.95
LIMPS_p_NCLE_DNA2N_GenomeWideSNP_6_D06_246692	0.97	3.25
LIMPS_p_NCLE_DNA2N_GenomeWideSNP_6_D07_246694	1	1.99
LIMPS_p_NCLE_DNA2N_GenomeWideSNP_6_D08_246696	0.98	3.19
LIMPS_p_NCLE_DNA2N_GenomeWideSNP_6_D09_246698	0.95	2.55
LIMPS_p_NCLE_DNA2N_GenomeWideSNP_6_D10_246700	0.98	2.7
LIMPS_p_NCLE_DNA2N_GenomeWideSNP_6_D11_246702	1	1.94
LIMPS_p_NCLE_DNA2N_GenomeWideSNP_6_D12_246704	1	1.88
LIMPS_p_NCLE_DNA2N_GenomeWideSNP_6_E02_246708	0.95	3.56
LIMPS_p_NCLE_DNA2N_GenomeWideSNP_6_E03_246710	0.95	2.96
LIMPS_p_NCLE_DNA2N_GenomeWideSNP_6_E04_246712	1	4.54
LIMPS_p_NCLE_DNA2N_GenomeWideSNP_6_E05_246714	0.95	1.69
LIMPS_p_NCLE_DNA2N_GenomeWideSNP_6_E06_246716	0.98	1.85
LIMPS_p_NCLE_DNA2N_GenomeWideSNP_6_E07_246718	0.95	2.27
LIMPS_p_NCLE_DNA2N_GenomeWideSNP_6_E08_246720	0.97	2.15
LIMPS_p_NCLE_DNA2N_GenomeWideSNP_6_E09_246722	0.95	4.05
LIMPS_p_NCLE_DNA2N_GenomeWideSNP_6_E10_246724	1	2.36
LIMPS_p_NCLE_DNA2N_GenomeWideSNP_6_E11_246726	0.95	2.72
LIMPS_p_NCLE_DNA2N_GenomeWideSNP_6_E12_246728	0.95	2.71
LIMPS_p_NCLE_DNA2N_GenomeWideSNP_6_F01_246730	0.95	2.02
LIMPS_p_NCLE_DNA2N_GenomeWideSNP_6_F03_246734	0.95	2.49
LIMPS_p_NCLE_DNA2N_GenomeWideSNP_6_F04_246736	0.95	2.69
LIMPS_p_NCLE_DNA2N_GenomeWideSNP_6_F05_246738	0.95	3.51
LIMPS_p_NCLE_DNA2N_GenomeWideSNP_6_F06_246740	0.95	2.48
LIMPS_p_NCLE_DNA2N_GenomeWideSNP_6_F07_246742	0.95	2.74
LIMPS_p_NCLE_DNA2N_GenomeWideSNP_6_F08_246744	1	1.9
LIMPS_p_NCLE_DNA2N_GenomeWideSNP_6_F09_246746	0.95	2.82
LIMPS_p_NCLE_DNA2N_GenomeWideSNP_6_F10_246748	0.97	2.06
LIMPS_p_NCLE_DNA2N_GenomeWideSNP_6_F11_246750	1	3.3
LIMPS_p_NCLE_DNA2N_GenomeWideSNP_6_G01_246754	0.95	2.73
LIMPS_p_NCLE_DNA2N_GenomeWideSNP_6_G02_246756	0.95	2.36
LIMPS_p_NCLE_DNA2N_GenomeWideSNP_6_G03_246758	0.95	2.97
LIMPS_p_NCLE_DNA2N_GenomeWideSNP_6_G04_246760	1	3.37
LIMPS_p_NCLE_DNA2N_GenomeWideSNP_6_G05_246762	1	1.95
LIMPS_p_NCLE_DNA2N_GenomeWideSNP_6_G06_246764	0.95	3.8
LIMPS_p_NCLE_DNA2N_GenomeWideSNP_6_G07_246766	0.95	2.39
LIMPS_p_NCLE_DNA2N_GenomeWideSNP_6_G08_246768	1	2
LIMPS_p_NCLE_DNA2N_GenomeWideSNP_6_G09_246770	0.95	2.38
LIMPS_p_NCLE_DNA2N_GenomeWideSNP_6_G10_246772	0.98	1.99
LIMPS_p_NCLE_DNA2N_GenomeWideSNP_6_G11_246774	0.96	1.82
LIMPS_p_NCLE_DNA2N_GenomeWideSNP_6_G12_246776	0.95	2.73
LIMPS_p_NCLE_DNA2N_GenomeWideSNP_6_H01_246778	0.95	2.66
LIMPS_p_NCLE_DNA2N_GenomeWideSNP_6_H02_246780	0.95	4.91
LIMPS_p_NCLE_DNA2N_GenomeWideSNP_6_H03_246782	1	1.93
LIMPS_p_NCLE_DNA2N_GenomeWideSNP_6_H04_246784	0.95	2.36
LIMPS_p_NCLE_DNA2N_GenomeWideSNP_6_H05_246786	1	3.15
LIMPS_p_NCLE_DNA2N_GenomeWideSNP_6_H06_246788	0.95	2
LIMPS_p_NCLE_DNA2N_GenomeWideSNP_6_H07_246790	1	3.08
LIMPS_p_NCLE_DNA2N_GenomeWideSNP_6_H08_246792	0.95	3.12
LIMPS_p_NCLE_DNA2N_GenomeWideSNP_6_H09_246794	0.95	2.98
LIMPS_p_NCLE_DNA2N_GenomeWideSNP_6_H10_246796	0.95	4.9
LIMPS_p_NCLE_DNA2N_GenomeWideSNP_6_H11_246798	0.97	4.23
LIMPS_p_NCLE_DNA2N_GenomeWideSNP_6_H12_246800	0.95	2.11
LK-2	0.95	2.54
LN-18	1	2.48
LN-229	1	3.65
LN-405	0.95	2.95
LNCaP-Clone-FGC	0.95	5.36
LOBBY_p_NCLE_DNAAffy6_GenomeWideSNP_6_A01_437348	1	3.3
LOBBY_p_NCLE_DNAAffy6_GenomeWideSNP_6_A02_437350	0.95	4.8
LOBBY_p_NCLE_DNAAffy6_GenomeWideSNP_6_A03_437344	1	2.41
LOBBY_p_NCLE_DNAAffy6_GenomeWideSNP_6_A04_437346	1	2.43
LOBBY_p_NCLE_DNAAffy6_GenomeWideSNP_6_A05_437340	1	3.65
LOBBY_p_NCLE_DNAAffy6_GenomeWideSNP_6_A06_437342	1	2.75
LOBBY_p_NCLE_DNAAffy6_GenomeWideSNP_6_A07_437336	0.95	2.05
LOBBY_p_NCLE_DNAAffy6_GenomeWideSNP_6_A08_437338	1	4.38
LOBBY_p_NCLE_DNAAffy6_GenomeWideSNP_6_A09_437332	1	2.82
LOBBY_p_NCLE_DNAAffy6_GenomeWideSNP_6_A10_437334	1	2.51
LOBBY_p_NCLE_DNAAffy6_GenomeWideSNP_6_A11_437328	1	2
LOBBY_p_NCLE_DNAAffy6_GenomeWideSNP_6_A12_437330	0.98	3.95
LOBBY_p_NCLE_DNAAffy6_GenomeWideSNP_6_B01_437296	0.95	3.49
LOBBY_p_NCLE_DNAAffy6_GenomeWideSNP_6_B02_437298	0.97	4.5
LOBBY_p_NCLE_DNAAffy6_GenomeWideSNP_6_B03_437300	1	2.35
LOBBY_p_NCLE_DNAAffy6_GenomeWideSNP_6_B04_437302	0.95	3.83
LOBBY_p_NCLE_DNAAffy6_GenomeWideSNP_6_B05_437304	0.99	3.7
LOBBY_p_NCLE_DNAAffy6_GenomeWideSNP_6_B06_437306	0.96	2.33
LOBBY_p_NCLE_DNAAffy6_GenomeWideSNP_6_B07_437308	0.98	2.46
LOBBY_p_NCLE_DNAAffy6_GenomeWideSNP_6_B09_437312	0.98	2.34
LOBBY_p_NCLE_DNAAffy6_GenomeWideSNP_6_B10_437314	1	3.2
LOBBY_p_NCLE_DNAAffy6_GenomeWideSNP_6_B11_437316	0.95	2.52
LOBBY_p_NCLE_DNAAffy6_GenomeWideSNP_6_B12_437318	0.96	2.73
LOBBY_p_NCLE_DNAAffy6_GenomeWideSNP_6_C01_437320	1	2.11
LOBBY_p_NCLE_DNAAffy6_GenomeWideSNP_6_C02_437322	1	4
LOBBY_p_NCLE_DNAAffy6_GenomeWideSNP_6_C03_437324	1	4.28
LOBBY_p_NCLE_DNAAffy6_GenomeWideSNP_6_C04_437326	1	2.21
LOBBY_p_NCLE_DNAAffy6_GenomeWideSNP_6_C05_437266	0.95	5.05
LOBBY_p_NCLE_DNAAffy6_GenomeWideSNP_6_C06_437264	1	1.86
LOBBY_p_NCLE_DNAAffy6_GenomeWideSNP_6_C08_437268	1	2.46
LOBBY_p_NCLE_DNAAffy6_GenomeWideSNP_6_C09_437274	1	1.9
LOBBY_p_NCLE_DNAAffy6_GenomeWideSNP_6_C10_437272	1	2.65
LOBBY_p_NCLE_DNAAffy6_GenomeWideSNP_6_C11_437278	1	3.37
LOBBY_p_NCLE_DNAAffy6_GenomeWideSNP_6_C12_437276	1	1.87
LOBBY_p_NCLE_DNAAffy6_GenomeWideSNP_6_D01_437282	1	2
LOBBY_p_NCLE_DNAAffy6_GenomeWideSNP_6_D02_437280	0.95	5.14
LOBBY_p_NCLE_DNAAffy6_GenomeWideSNP_6_D03_437286	1	1.98
LOBBY_p_NCLE_DNAAffy6_GenomeWideSNP_6_D04_437284	0.96	2.78
LOBBY_p_NCLE_DNAAffy6_GenomeWideSNP_6_D05_437290	0.95	4.8
LOBBY_p_NCLE_DNAAffy6_GenomeWideSNP_6_D06_437288	0.95	2.46
LOBBY_p_NCLE_DNAAffy6_GenomeWideSNP_6_D07_437294	0.97	4.75
LOBBY_p_NCLE_DNAAffy6_GenomeWideSNP_6_D08_437292	1	2.75
LOBBY_p_NCLE_DNAAffy6_GenomeWideSNP_6_D09_437236	1	1.94
LOBBY_p_NCLE_DNAAffy6_GenomeWideSNP_6_D12_437234	1	4.6
LOBBY_p_NCLE_DNAAffy6_GenomeWideSNP_6_E01_437244	1	2.06
LOBBY_p_NCLE_DNAAffy6_GenomeWideSNP_6_E02_437246	0.98	3.01
LOBBY_p_NCLE_DNAAffy6_GenomeWideSNP_6_E03_437240	0.98	2.47
LOBBY_p_NCLE_DNAAffy6_GenomeWideSNP_6_E04_437242	1	1.61
LOBBY_p_NCLE_DNAAffy6_GenomeWideSNP_6_E05_437252	1	1.96
LOBBY_p_NCLE_DNAAffy6_GenomeWideSNP_6_E06_437254	1	3.55
LOBBY_p_NCLE_DNAAffy6_GenomeWideSNP_6_E07_437248	1	2.3
LOBBY_p_NCLE_DNAAffy6_GenomeWideSNP_6_E08_437250	0.95	2.3
LOBBY_p_NCLE_DNAAffy6_GenomeWideSNP_6_E09_437260	1	2.48
LOBBY_p_NCLE_DNAAffy6_GenomeWideSNP_6_E10_437262	0.97	3.3
LOBBY_p_NCLE_DNAAffy6_GenomeWideSNP_6_E11_437256	0.95	2.42
LOBBY_p_NCLE_DNAAffy6_GenomeWideSNP_6_E12_437258	1	4.54
LOBBY_p_NCLE_DNAAffy6_GenomeWideSNP_6_F01_437206	0.99	3.57
LOBBY_p_NCLE_DNAAffy6_GenomeWideSNP_6_F02_437204	1	3.56
LOBBY_p_NCLE_DNAAffy6_GenomeWideSNP_6_F03_437202	1	2.82
LOBBY_p_NCLE_DNAAffy6_GenomeWideSNP_6_F04_437200	0.95	2.67
LOBBY_p_NCLE_DNAAffy6_GenomeWideSNP_6_F05_437214	1	2.56
LOBBY_p_NCLE_DNAAffy6_GenomeWideSNP_6_F06_437212	1	2.11
LOBBY_p_NCLE_DNAAffy6_GenomeWideSNP_6_F07_437210	1	2.16
LOBBY_p_NCLE_DNAAffy6_GenomeWideSNP_6_F08_437208	1	2
LOBBY_p_NCLE_DNAAffy6_GenomeWideSNP_6_F09_437222	0.97	2.93
LOBBY_p_NCLE_DNAAffy6_GenomeWideSNP_6_F10_437220	1	1.96
LOBBY_p_NCLE_DNAAffy6_GenomeWideSNP_6_F12_437216	0.95	2.78
LOBBY_p_NCLE_DNAAffy6_GenomeWideSNP_6_G01_437230	1	2.05
LOBBY_p_NCLE_DNAAffy6_GenomeWideSNP_6_G02_437228	0.95	4.18
LOBBY_p_NCLE_DNAAffy6_GenomeWideSNP_6_G03_437226	0.95	2.63
LOBBY_p_NCLE_DNAAffy6_GenomeWideSNP_6_G04_437224	0.95	2.75
LOBBY_p_NCLE_DNAAffy6_GenomeWideSNP_6_G05_437368	1	3.71
LOBBY_p_NCLE_DNAAffy6_GenomeWideSNP_6_G06_437370	0.95	4.08
LOBBY_p_NCLE_DNAAffy6_GenomeWideSNP_6_G07_437372	1	1.93
LOBBY_p_NCLE_DNAAffy6_GenomeWideSNP_6_G08_437374	0.99	3.62
LOBBY_p_NCLE_DNAAffy6_GenomeWideSNP_6_G09_437360	0.96	2.73
LOBBY_p_NCLE_DNAAffy6_GenomeWideSNP_6_G10_437362	1	1.93
LOU-NH91	0.95	2.11
LOUCY	0.95	1.88
LoVo	0.95	2.11
LOXIMVI	1	4.05
LP-1	1	4.4
LS-1034	0.95	2.94
LS-123	0.95	2.62
LS-180	1	1.92
LS-411N	0.95	3.24
LS-513	0.95	2.15
LU-134-A	0.95	2.47
LU-135	0.95	2.32
LU-139	0.95	2.77
LU-165	0.95	5.01
LU-65	0.95	2.16
LU-99A	0.95	2.65
LXF-289	0.95	3.7
M14	0.95	2.87
MC-CAR	1	1.93
MC-IXC	0.96	1.86
MC116	0.95	2.05
MCF7	0.95	3.01
MDA-MB-157	0.95	2.73
MDA-MB-175-VII	0.97	3.49
MDA-MB-231	0.95	2.7
MDA-MB-361	0.96	2.55
MDA-MB-415	0.95	2.75
MDA-MB-436	0.95	2.86
MDA-MB-453	1	2.08
MDA-MB-468	1	3.7
MDST8	1	3.78
ME-1	0.99	1.97
ME-180	1	2.65
MEG-01	0.95	2.37
MEL-HO	1	3.1
MEL-JUSO	0.95	2.15
MES-SA	0.95	1.86
Mewo	0.95	1.91
MFE-280	0.95	2.37
MFE-296	0.95	3.7
MFE-319	1	1.93
MFH-ino	0.95	2.7
MFM-223	0.95	2.39
MG-63	0.95	2.83
MHH-CALL-4	1	1.92
MHH-ES-1	0.95	2.07
MHH-NB-11	1	4.16
MHH-PREB-1	1	1.95
MIA-PaCa-2	0.95	2.64
MISTS_p_NCLE_DNAAffy11_GenomeWideSNP_6_A02_578394	1	1.95
MISTS_p_NCLE_DNAAffy11_GenomeWideSNP_6_A03_578306	1	2
MISTS_p_NCLE_DNAAffy11_GenomeWideSNP_6_A04_578330	1	1.64
MISTS_p_NCLE_DNAAffy11_GenomeWideSNP_6_A05_578382	0.95	4.5
MISTS_p_NCLE_DNAAffy11_GenomeWideSNP_6_A10_578332	1	2.22
MISTS_p_NCLE_DNAAffy11_GenomeWideSNP_6_A11_578462	1	2
MISTS_p_NCLE_DNAAffy11_GenomeWideSNP_6_A12_578328	1	1.94
MISTS_p_NCLE_DNAAffy11_GenomeWideSNP_6_B01_578428	1	3.73
MISTS_p_NCLE_DNAAffy11_GenomeWideSNP_6_B03_578398	1	1.86
MISTS_p_NCLE_DNAAffy11_GenomeWideSNP_6_B04_578442	1	1.98
MISTS_p_NCLE_DNAAffy11_GenomeWideSNP_6_B05_578308	0.95	2.41
MISTS_p_NCLE_DNAAffy11_GenomeWideSNP_6_B09_578378	1	2.14
MISTS_p_NCLE_DNAAffy11_GenomeWideSNP_6_B10_578298	1	2.02
MISTS_p_NCLE_DNAAffy11_GenomeWideSNP_6_B11_578340	1	1.8
MISTS_p_NCLE_DNAAffy11_GenomeWideSNP_6_B12_578288	1	3.46
MISTS_p_NCLE_DNAAffy11_GenomeWideSNP_6_C01_578456	1	3.91
MISTS_p_NCLE_DNAAffy11_GenomeWideSNP_6_C02_578346	1	2.05
MISTS_p_NCLE_DNAAffy11_GenomeWideSNP_6_C03_578316	1	2.09
MISTS_p_NCLE_DNAAffy11_GenomeWideSNP_6_C04_578302	1	4.6
MISTS_p_NCLE_DNAAffy11_GenomeWideSNP_6_C05_578366	1	3.1
MISTS_p_NCLE_DNAAffy11_GenomeWideSNP_6_C06_578404	1	2.22
MISTS_p_NCLE_DNAAffy11_GenomeWideSNP_6_C08_578282	1	2
MISTS_p_NCLE_DNAAffy11_GenomeWideSNP_6_C09_578334	1	1.97
MISTS_p_NCLE_DNAAffy11_GenomeWideSNP_6_C10_578450	0.95	3.74
MISTS_p_NCLE_DNAAffy11_GenomeWideSNP_6_C11_578348	1	3.6
MISTS_p_NCLE_DNAAffy11_GenomeWideSNP_6_D01_578372	1	2.77
MISTS_p_NCLE_DNAAffy11_GenomeWideSNP_6_D02_578304	1	3.62
MISTS_p_NCLE_DNAAffy11_GenomeWideSNP_6_D04_578460	1	1.96
MISTS_p_NCLE_DNAAffy11_GenomeWideSNP_6_D05_578412	1	1.93
MISTS_p_NCLE_DNAAffy11_GenomeWideSNP_6_D06_578342	1	1.93
MISTS_p_NCLE_DNAAffy11_GenomeWideSNP_6_D08_578424	1	3.9
MISTS_p_NCLE_DNAAffy11_GenomeWideSNP_6_D09_578416	1	2.74
MISTS_p_NCLE_DNAAffy11_GenomeWideSNP_6_D10_578374	1	3.69
MISTS_p_NCLE_DNAAffy11_GenomeWideSNP_6_D11_578356	1	2.06
MISTS_p_NCLE_DNAAffy11_GenomeWideSNP_6_D12_578440	1	1.97
MISTS_p_NCLE_DNAAffy11_GenomeWideSNP_6_E01_578336	0.99	3.44
MISTS_p_NCLE_DNAAffy11_GenomeWideSNP_6_E02_578280	1	1.99
MISTS_p_NCLE_DNAAffy11_GenomeWideSNP_6_E03_578338	0.95	3.13
MISTS_p_NCLE_DNAAffy11_GenomeWideSNP_6_E04_578400	1	1.98
MISTS_p_NCLE_DNAAffy11_GenomeWideSNP_6_E06_578362	0.95	2.65
MISTS_p_NCLE_DNAAffy11_GenomeWideSNP_6_E07_578286	0.96	3.34
MISTS_p_NCLE_DNAAffy11_GenomeWideSNP_6_E08_578426	1	2
MISTS_p_NCLE_DNAAffy11_GenomeWideSNP_6_E09_578364	1	2
MISTS_p_NCLE_DNAAffy11_GenomeWideSNP_6_E11_578318	1	2.96
MISTS_p_NCLE_DNAAffy11_GenomeWideSNP_6_E12_578358	1	3.76
MISTS_p_NCLE_DNAAffy11_GenomeWideSNP_6_F01_578430	0.95	3.34
MISTS_p_NCLE_DNAAffy11_GenomeWideSNP_6_F04_578402	1	2
MISTS_p_NCLE_DNAAffy11_GenomeWideSNP_6_F07_578414	0.95	2.16
MISTS_p_NCLE_DNAAffy11_GenomeWideSNP_6_F08_578464	0.95	1.91
MISTS_p_NCLE_DNAAffy11_GenomeWideSNP_6_F09_578406	1	2.28
MISTS_p_NCLE_DNAAffy11_GenomeWideSNP_6_F10_578312	0.95	2.43
MISTS_p_NCLE_DNAAffy11_GenomeWideSNP_6_F12_578410	1	1.92
MISTS_p_NCLE_DNAAffy11_GenomeWideSNP_6_G01_578290	1	3.1
MISTS_p_NCLE_DNAAffy11_GenomeWideSNP_6_G04_578292	0.97	5.1
MISTS_p_NCLE_DNAAffy11_GenomeWideSNP_6_G05_578300	1	1.99
MISTS_p_NCLE_DNAAffy11_GenomeWideSNP_6_G06_578350	1	2.07
MISTS_p_NCLE_DNAAffy11_GenomeWideSNP_6_G07_578294	1	2.16
MISTS_p_NCLE_DNAAffy11_GenomeWideSNP_6_G09_578344	1	2.02
MISTS_p_NCLE_DNAAffy11_GenomeWideSNP_6_G10_578352	1	1.94
MISTS_p_NCLE_DNAAffy11_GenomeWideSNP_6_H01_578274	1	2
MISTS_p_NCLE_DNAAffy11_GenomeWideSNP_6_H02_578396	1	2.68
MISTS_p_NCLE_DNAAffy11_GenomeWideSNP_6_H03_578390	0.95	1.86
MISTS_p_NCLE_DNAAffy11_GenomeWideSNP_6_H05_578434	0.98	3.05
MISTS_p_NCLE_DNAAffy11_GenomeWideSNP_6_H06_578324	1	1.98
MISTS_p_NCLE_DNAAffy11_GenomeWideSNP_6_H07_578444	0.99	1.83
MISTS_p_NCLE_DNAAffy11_GenomeWideSNP_6_H09_578438	0.95	3.75
MISTS_p_NCLE_DNAAffy11_GenomeWideSNP_6_H10_578276	0.95	2.46
MISTS_p_NCLE_DNAAffy11_GenomeWideSNP_6_H11_578446	1	1.89
MISTS_p_NCLE_DNAAffy11_GenomeWideSNP_6_H12_578278	1	1.98
MKN1	0.96	2.88
MKN28	0.95	4.05
MKN45	0.95	1.75
MKN7	0.95	2.92
ML-1	0.95	4.4
ML-2	0.95	1.97
MLMA	0.95	1.95
MM1S	0.95	3.73
MMAC-SF	0.95	3.04
MN-60	0.95	1.97
Mo-T	1	1.93
MOG-G-CCM	1	4.6
MOG-G-UVW	1	3.24
MOLM-13	0.99	2.13
MOLM-16	1	3.23
MOLP-8	1	1.91
MOLT-13	1	2
MOLT-16	1	4.01
MOLT-4	1	1.9
MONO-MAC-6	0.97	1.9
MPP-89	0.95	2.22
MRK-nu-1	0.95	3.7
MSTO-211H	0.95	4.69
MV-4-11	0.99	1.99
MZ1-PC	0.95	3.87
MZ2-MEL	0.95	1.85
MZ7-mel	0.95	4.09
NALM-6	1	1.93
NAMALWA	1	3.15
NB1	0.95	1.93
NB10	1	3.29
NB12	1	4.75
NB13	0.95	2.82
NB14	0.98	2
NB17	0.95	2.87
NB5	0.95	1.79
NB6	0.95	1.95
NB69	0.95	4.94
NB7	0.96	2.91
NBsusSR	0.95	3
NCC010	1	4.23
NCCIT	0.95	4.65
NCI-H1048	0.95	3.89
NCI-H1092	0.95	2.78
NCI-H1105	0.95	3.08
NCI-H128	0.95	2.77
NCI-H1304	0.95	2.53
NCI-H1341	0.95	3.53
NCI-H1355	0.95	4.33
NCI-H1395	0.95	2.47
NCI-H1417	1	3.2
NCI-H1435	0.99	1.74
NCI-H1436	0.95	3.84
NCI-H1437	1	2.8
NCI-H146	0.95	2.87
NCI-H1563	0.95	3.44
NCI-H1568	0.95	2.37
NCI-H1573	0.95	3.14
NCI-H1581	1	4.15
NCI-H1623	0.95	2.6
NCI-H1648	0.95	2.28
NCI-H1650	0.95	1.95
NCI-H1651	0.95	2.72
NCI-H1666	1	2.87
NCI-H1693	0.95	2.59
NCI-H1694	0.95	2.34
NCI-H1703	0.95	3.1
NCI-H1734	0.95	4.75
NCI-H1755	0.95	2.89
NCI-H1770	0.95	2.58
NCI-H1781	0.95	2.31
NCI-H1792	0.95	2.11
NCI-H1793	0.99	3.25
NCI-H1836	1	4.09
NCI-H1838	0.95	2.69
NCI-H1869	0.99	3.66
NCI-H187	0.95	3.41
NCI-H1876	0.95	2.39
NCI-H1915	0.96	1.9
NCI-H1944	1	2.12
NCI-H196	0.95	2.17
NCI-H1963	1	1.88
NCI-H1975	0.95	2.75
NCI-H1993	0.95	3.96
NCI-H2023	0.95	2.41
NCI-H2029	0.95	4.85
NCI-H2030	1	2.2
NCI-H2052	0.95	4.18
NCI-H2066	0.95	2.34
NCI-H2081	0.95	2.93
NCI-H2085	0.97	2.63
NCI-H2087	0.95	2.36
NCI-H209	0.95	1.95
NCI-H211	0.95	1.8
NCI-H2110	0.95	2.52
NCI-H2122	0.95	2.41
NCI-H2126	0.95	3.21
NCI-H2141	1	3.75
NCI-H2170	1	2.9
NCI-H2171	0.95	1.7
NCI-H2196	0.95	1.67
NCI-H2227	0.98	2.46
NCI-H2228	0.98	3.59
NCI-H226	0.95	3.5
NCI-H2291	0.95	2.68
NCI-H23	0.95	2.8
NCI-H2342	0.95	4.38
NCI-H2347	0.95	3.63
NCI-H2405	0.95	3.57
NCI-H2444	1	2.26
NCI-H2452	0.95	3.16
NCI-H250	0.95	2.58
NCI-H28	0.98	3.6
NCI-H292	1	2.2
NCI-H322M	0.95	2.09
NCI-H345	1	2.65
NCI-H358	0.97	5.6
NCI-H378	1	3.65
NCI-H441	0.95	2.55
NCI-H446	1	4
NCI-H460	1	2.42
NCI-H508	0.95	4.05
NCI-H510A	0.95	2.59
NCI-H520	0.95	2.47
NCI-H522	0.95	2.4
NCI-H524	0.97	2.14
NCI-H526	0.95	2.89
NCI-H596	1	2.8
NCI-H630	0.95	2.8
NCI-H64	0.95	3.45
NCI-H647	1	3.99
NCI-H650	0.95	4.26
NCI-H660	1	4.1
NCI-H661	1	4.35
NCI-H69	0.97	1.53
NCI-H716	0.95	2.6
NCI-H720	0.95	1.99
NCI-H727	0.95	2.54
NCI-H747	0.95	2.8
NCI-H748	0.95	2.63
NCI-H810	0.95	2.42
NCI-H82	0.97	2.43
NCI-H835	0.95	3.22
NCI-H838	0.95	2.17
NCI-H841	0.95	2.45
NCI-H929	0.95	1.89
NCI-N87	1	1.73
NCI-SNU-1	0.99	1.94
NCI-SNU-16	0.96	5.52
NCI-SNU-5	0.95	3.76
NEC8	1	3.1
NH-12	0.99	1.94
NKM-1	0.95	1.96
NMC-G1	0.95	2.22
no-10	0.95	2.4
no-11	1	3.26
NOMO-1	0.95	2.04
NOS-1	0.95	2.39
NU-DUL-1	1	1.91
NUGC-3	0.95	2.37
NUGC-4	1	2.3
NY	0.98	3.24
OAW-28	0.95	2.18
OAW-42	0.95	3.52
OC-314	0.95	2.87
OCI-AML2	0.99	2.05
OCI-AML3	1	2.03
OCI-AML5	1	2.02
OCI-LY-19	1	1.99
OCI-M1	1	4.05
OCUB-M	0.95	3.2
OCUM-1	1	2.29
OE19	0.95	2.46
OE21	0.95	2.91
OE33	0.95	2.85
OMC-1	0.95	2
ONS-76	0.96	5.22
OPM-2	0.95	3.18
OS-RC-2	0.95	2.75
OV-7	1	1.81
OV-90	1	1.85
OVCAR-3	0.98	2.99
OVCAR-4	0.95	2.75
OVCAR-5	0.95	2.3
OVCAR-8	0.95	2.32
OVISE	1	2.73
OVK-18	1	2.06
OVKATE	0.95	1.85
OVTOKO	1	4.21
P12-ICHIKAWA	1	3.63
P30-OHK	1	1.88
P31-FUJ	0.98	1.97
PA-1	1	2
PA-TU-8902	0.95	3.88
PA-TU-8988T	1	2.8
PANC-02-03	0.98	4.65
PANC-03-27	0.95	3.07
PANC-04-03	1	3.6
PANC-08-13	0.95	2.31
PANC-10-05	0.96	1.66
PC-14	0.95	3.1
PC-3	1	5.04
PCI-38	0.98	2.59
PF-382	0.95	3.82
PFSK-1	0.95	3.52
PL-21	0.96	3.75
PL4	0.95	4.59
PODIA_p_NCLE_DNAAffy7_GenomeWideSNP_6_A01_437562	0.96	2.29
PODIA_p_NCLE_DNAAffy7_GenomeWideSNP_6_A02_437560	1	2.44
PODIA_p_NCLE_DNAAffy7_GenomeWideSNP_6_A03_437566	1	3.08
PODIA_p_NCLE_DNAAffy7_GenomeWideSNP_6_A04_437564	1	4.34
PODIA_p_NCLE_DNAAffy7_GenomeWideSNP_6_A05_437578	1	4.05
PODIA_p_NCLE_DNAAffy7_GenomeWideSNP_6_A07_437582	1	2.8
PODIA_p_NCLE_DNAAffy7_GenomeWideSNP_6_A08_437580	0.95	4.93
PODIA_p_NCLE_DNAAffy7_GenomeWideSNP_6_A09_437570	0.98	2.18
PODIA_p_NCLE_DNAAffy7_GenomeWideSNP_6_A10_437568	1	3.41
PODIA_p_NCLE_DNAAffy7_GenomeWideSNP_6_A11_437574	1	3.18
PODIA_p_NCLE_DNAAffy7_GenomeWideSNP_6_A12_437572	1	2.91
PODIA_p_NCLE_DNAAffy7_GenomeWideSNP_6_B01_437540	1	1.92
PODIA_p_NCLE_DNAAffy7_GenomeWideSNP_6_B02_437542	0.99	3.15
PODIA_p_NCLE_DNAAffy7_GenomeWideSNP_6_B03_437536	1	4.97
PODIA_p_NCLE_DNAAffy7_GenomeWideSNP_6_B05_437532	1	1.94
PODIA_p_NCLE_DNAAffy7_GenomeWideSNP_6_B07_437528	0.95	4.54
PODIA_p_NCLE_DNAAffy7_GenomeWideSNP_6_B08_437530	0.95	3
PODIA_p_NCLE_DNAAffy7_GenomeWideSNP_6_B09_437556	1	3.66
PODIA_p_NCLE_DNAAffy7_GenomeWideSNP_6_B10_437558	1	1.94
PODIA_p_NCLE_DNAAffy7_GenomeWideSNP_6_B11_437552	1	1.87
PODIA_p_NCLE_DNAAffy7_GenomeWideSNP_6_B12_437554	0.97	2.91
PODIA_p_NCLE_DNAAffy7_GenomeWideSNP_6_C01_437548	1	4.33
PODIA_p_NCLE_DNAAffy7_GenomeWideSNP_6_C02_437550	1	3.15
PODIA_p_NCLE_DNAAffy7_GenomeWideSNP_6_C03_437544	1	2.42
PODIA_p_NCLE_DNAAffy7_GenomeWideSNP_6_C04_437546	1	2.12
PODIA_p_NCLE_DNAAffy7_GenomeWideSNP_6_C05_437510	1	1.9
PODIA_p_NCLE_DNAAffy7_GenomeWideSNP_6_C06_437508	1	4.1
PODIA_p_NCLE_DNAAffy7_GenomeWideSNP_6_C07_437506	1	1.83
PODIA_p_NCLE_DNAAffy7_GenomeWideSNP_6_C08_437504	0.95	4
PODIA_p_NCLE_DNAAffy7_GenomeWideSNP_6_C10_437500	0.95	2.01
PODIA_p_NCLE_DNAAffy7_GenomeWideSNP_6_C11_437498	1	1.93
PODIA_p_NCLE_DNAAffy7_GenomeWideSNP_6_C12_437496	1	2.84
PODIA_p_NCLE_DNAAffy7_GenomeWideSNP_6_D01_437526	1	3.38
PODIA_p_NCLE_DNAAffy7_GenomeWideSNP_6_D02_437524	0.97	2.63
PODIA_p_NCLE_DNAAffy7_GenomeWideSNP_6_D03_437522	1	2.65
PODIA_p_NCLE_DNAAffy7_GenomeWideSNP_6_D04_437520	1	1.5
PODIA_p_NCLE_DNAAffy7_GenomeWideSNP_6_D06_437516	0.95	2.19
PODIA_p_NCLE_DNAAffy7_GenomeWideSNP_6_D07_437514	1	3.25
PODIA_p_NCLE_DNAAffy7_GenomeWideSNP_6_D08_437512	1	2
PODIA_p_NCLE_DNAAffy7_GenomeWideSNP_6_D09_437422	1	2
PODIA_p_NCLE_DNAAffy7_GenomeWideSNP_6_D10_437420	1	2
PODIA_p_NCLE_DNAAffy7_GenomeWideSNP_6_D11_437418	1	1.94
PODIA_p_NCLE_DNAAffy7_GenomeWideSNP_6_E01_437414	0.95	1.85
PODIA_p_NCLE_DNAAffy7_GenomeWideSNP_6_E03_437410	0.95	2.34
PODIA_p_NCLE_DNAAffy7_GenomeWideSNP_6_E04_437408	1	2
PODIA_p_NCLE_DNAAffy7_GenomeWideSNP_6_E05_437406	1	4.11
PODIA_p_NCLE_DNAAffy7_GenomeWideSNP_6_E06_450456	1	1.99
PODIA_p_NCLE_DNAAffy7_GenomeWideSNP_6_E07_437402	1	3.75
PODIA_p_NCLE_DNAAffy7_GenomeWideSNP_6_E08_437400	1	2.95
PODIA_p_NCLE_DNAAffy7_GenomeWideSNP_6_E09_437398	1	1.75
PODIA_p_NCLE_DNAAffy7_GenomeWideSNP_6_E10_437396	0.97	1.98
PODIA_p_NCLE_DNAAffy7_GenomeWideSNP_6_E11_437394	1	1.85
PODIA_p_NCLE_DNAAffy7_GenomeWideSNP_6_E12_437392	1	1.97
PODIA_p_NCLE_DNAAffy7_GenomeWideSNP_6_F01_437452	1	1.95
PODIA_p_NCLE_DNAAffy7_GenomeWideSNP_6_F02_437454	1	1.86
PODIA_p_NCLE_DNAAffy7_GenomeWideSNP_6_F03_437448	0.95	2.54
PODIA_p_NCLE_DNAAffy7_GenomeWideSNP_6_F05_437444	1	2.3
PODIA_p_NCLE_DNAAffy7_GenomeWideSNP_6_F06_437446	1	5.3
PODIA_p_NCLE_DNAAffy7_GenomeWideSNP_6_F07_437440	0.95	2.61
PODIA_p_NCLE_DNAAffy7_GenomeWideSNP_6_F08_437442	1	3.6
PODIA_p_NCLE_DNAAffy7_GenomeWideSNP_6_F09_437436	1	3
PODIA_p_NCLE_DNAAffy7_GenomeWideSNP_6_F10_437438	1	1.98
PODIA_p_NCLE_DNAAffy7_GenomeWideSNP_6_F11_437432	0.97	2.45
PODIA_p_NCLE_DNAAffy7_GenomeWideSNP_6_F12_437434	1	2.3
PODIA_p_NCLE_DNAAffy7_GenomeWideSNP_6_G01_437428	0.95	2.69
PODIA_p_NCLE_DNAAffy7_GenomeWideSNP_6_G02_437430	1	2.6
PODIA_p_NCLE_DNAAffy7_GenomeWideSNP_6_G03_437424	0.95	1.79
PODIA_p_NCLE_DNAAffy7_GenomeWideSNP_6_G04_437426	1	4.4
PODIA_p_NCLE_DNAAffy7_GenomeWideSNP_6_G06_437480	1	2.95
PODIA_p_NCLE_DNAAffy7_GenomeWideSNP_6_G08_437484	1	4.02
PODIA_p_NCLE_DNAAffy7_GenomeWideSNP_6_G09_437474	1	3.48
PODIA_p_NCLE_DNAAffy7_GenomeWideSNP_6_H12_437494	0.96	3.25
PSN1	1	3.71
QGP-1	0.95	2.15
QIMR-WIL	0.95	2.04
QUAFF_p_NCLE_DNAAffy12_GenomeWideSNP_6_A01_592730	0.95	4.46
QUAFF_p_NCLE_DNAAffy12_GenomeWideSNP_6_A02_592742	1	3.97
QUAFF_p_NCLE_DNAAffy12_GenomeWideSNP_6_A03_592670	0.96	1.82
QUAFF_p_NCLE_DNAAffy12_GenomeWideSNP_6_A04_592752	1	3.06
QUAFF_p_NCLE_DNAAffy12_GenomeWideSNP_6_A05_592740	1	2.59
QUAFF_p_NCLE_DNAAffy12_GenomeWideSNP_6_A07_592700	1	3.57
QUAFF_p_NCLE_DNAAffy12_GenomeWideSNP_6_A08_592750	1	2.03
QUAFF_p_NCLE_DNAAffy12_GenomeWideSNP_6_A09_592760	1	3.32
QUAFF_p_NCLE_DNAAffy12_GenomeWideSNP_6_A11_592728	1	1.92
QUAFF_p_NCLE_DNAAffy12_GenomeWideSNP_6_A12_592732	1	2.11
QUAFF_p_NCLE_DNAAffy12_GenomeWideSNP_6_B02_592734	1	1.96
QUAFF_p_NCLE_DNAAffy12_GenomeWideSNP_6_B03_592764	1	1.99
QUAFF_p_NCLE_DNAAffy12_GenomeWideSNP_6_B04_592688	1	2.64
QUAFF_p_NCLE_DNAAffy12_GenomeWideSNP_6_B05_592744	1	1.92
QUAFF_p_NCLE_DNAAffy12_GenomeWideSNP_6_B06_592768	0.95	3.65
QUAFF_p_NCLE_DNAAffy12_GenomeWideSNP_6_B08_592666	0.95	5.37
QUAFF_p_NCLE_DNAAffy12_GenomeWideSNP_6_B10_592800	0.97	4.06
QUAFF_p_NCLE_DNAAffy12_GenomeWideSNP_6_B11_592706	1	2.1
QUAFF_p_NCLE_DNAAffy12_GenomeWideSNP_6_B12_592788	0.95	5.08
QUAFF_p_NCLE_DNAAffy12_GenomeWideSNP_6_C01_592648	0.98	5.5
QUAFF_p_NCLE_DNAAffy12_GenomeWideSNP_6_C03_592658	0.96	2.63
QUAFF_p_NCLE_DNAAffy12_GenomeWideSNP_6_C05_592630	0.98	2.62
QUAFF_p_NCLE_DNAAffy12_GenomeWideSNP_6_C06_592770	1	2.36
QUAFF_p_NCLE_DNAAffy12_GenomeWideSNP_6_C09_592794	1	3.14
QUAFF_p_NCLE_DNAAffy12_GenomeWideSNP_6_C10_592628	1	3.68
QUAFF_p_NCLE_DNAAffy12_GenomeWideSNP_6_C11_592636	1	2.38
QUAFF_p_NCLE_DNAAffy12_GenomeWideSNP_6_C12_592634	1	3.1
QUAFF_p_NCLE_DNAAffy12_GenomeWideSNP_6_D01_592776	1	3.79
QUAFF_p_NCLE_DNAAffy12_GenomeWideSNP_6_D02_592746	1	4.66
QUAFF_p_NCLE_DNAAffy12_GenomeWideSNP_6_D03_592790	1	2.11
QUAFF_p_NCLE_DNAAffy12_GenomeWideSNP_6_D04_592756	1	3.61
QUAFF_p_NCLE_DNAAffy12_GenomeWideSNP_6_D05_592802	1	2.55
QUAFF_p_NCLE_DNAAffy12_GenomeWideSNP_6_D06_592686	1	1.86
QUAFF_p_NCLE_DNAAffy12_GenomeWideSNP_6_D07_592662	1	1.96
QUAFF_p_NCLE_DNAAffy12_GenomeWideSNP_6_D08_592620	0.95	2.72
QUAFF_p_NCLE_DNAAffy12_GenomeWideSNP_6_D11_592748	0.99	3.17
QUAFF_p_NCLE_DNAAffy12_GenomeWideSNP_6_D12_592664	0.99	4.15
QUAFF_p_NCLE_DNAAffy12_GenomeWideSNP_6_E01_592680	0.97	4.3
QUAFF_p_NCLE_DNAAffy12_GenomeWideSNP_6_E02_592714	0.95	1.45
QUAFF_p_NCLE_DNAAffy12_GenomeWideSNP_6_E03_592738	0.95	2.5
QUAFF_p_NCLE_DNAAffy12_GenomeWideSNP_6_E04_592716	1	2.1
QUAFF_p_NCLE_DNAAffy12_GenomeWideSNP_6_E05_592792	0.95	3.81
QUAFF_p_NCLE_DNAAffy12_GenomeWideSNP_6_E06_592754	1	2.75
QUAFF_p_NCLE_DNAAffy12_GenomeWideSNP_6_E07_592708	0.96	2.9
QUAFF_p_NCLE_DNAAffy12_GenomeWideSNP_6_E08_592780	1	2.51
QUAFF_p_NCLE_DNAAffy12_GenomeWideSNP_6_E09_592640	0.95	2.78
QUAFF_p_NCLE_DNAAffy12_GenomeWideSNP_6_E10_592668	0.98	2.56
QUAFF_p_NCLE_DNAAffy12_GenomeWideSNP_6_E11_592654	1	2.55
QUAFF_p_NCLE_DNAAffy12_GenomeWideSNP_6_F01_592782	1	2.06
QUAFF_p_NCLE_DNAAffy12_GenomeWideSNP_6_F02_592702	0.95	2.48
QUAFF_p_NCLE_DNAAffy12_GenomeWideSNP_6_F03_592652	0.95	2.65
QUAFF_p_NCLE_DNAAffy12_GenomeWideSNP_6_F04_592808	1	2.19
QUAFF_p_NCLE_DNAAffy12_GenomeWideSNP_6_F07_592806	1	1.95
QUAFF_p_NCLE_DNAAffy12_GenomeWideSNP_6_F08_592698	0.98	1.91
QUAFF_p_NCLE_DNAAffy12_GenomeWideSNP_6_F09_592692	1	2.6
QUAFF_p_NCLE_DNAAffy12_GenomeWideSNP_6_F11_592724	0.95	2.26
QUAFF_p_NCLE_DNAAffy12_GenomeWideSNP_6_G01_592656	0.95	3.99
QUAFF_p_NCLE_DNAAffy12_GenomeWideSNP_6_G02_592624	1	1.9
QUAFF_p_NCLE_DNAAffy12_GenomeWideSNP_6_G04_592674	1	2.01
QUAFF_p_NCLE_DNAAffy12_GenomeWideSNP_6_G06_592642	0.97	2.39
QUAFF_p_NCLE_DNAAffy12_GenomeWideSNP_6_G07_592682	0.95	2.38
QUAFF_p_NCLE_DNAAffy12_GenomeWideSNP_6_G08_592650	1	3.59
QUAFF_p_NCLE_DNAAffy12_GenomeWideSNP_6_G09_592722	0.95	5.23
Raji	0.95	1.96
Ramos-2G6-4C10	1	1.92
RCC-ER	0.95	2.02
RCC-JF	1	1.94
RCC10RGB	0.96	3.95
RCH-ACV	1	2.06
RCM-1	1	4.01
RD	0.95	2.1
REH	1	1.94
RERF-GC-1B	0.98	2.41
RERF-LC-FM	0.95	3.31
RERF-LC-KJ	0.97	2.65
RERF-LC-MS	1	2.16
RERF-LC-Sq1	0.95	3.75
RF-48	0.95	1.99
RH-1	0.95	2.85
RH-18	1	3.38
RH-41	1	3.1
RKN	1	4.3
RKO	0.95	2.15
RL	0.95	2.8
RL95-2	0.95	2.03
RMG-I	0.95	2.06
RO82-W-1	1	1.9
RPMI-2650	1	1.93
RPMI-6666	0.97	1.94
RPMI-7951	0.95	2.42
RPMI-8226	0.97	3.9
RPMI-8866	0.96	2.02
RS4-11	1	2
RT-112	0.95	1.99
RT4	0.95	3.57
RVH-421	0.95	2.97
RXF393	0.95	2.95
S-117	0.95	2.85
Saos-2	0.95	2.49
SAS	1	3.83
SBC-1	0.95	1.69
SBC-3	1	4.21
SBC-5	0.95	2.84
SCaBER	1	2.9
SCC-15	0.95	4.3
SCC-25	0.95	1.86
SCC-3	0.95	2.05
SCC-4	0.95	2.84
SCC-9	0.95	3.04
SCC90	0.95	3.08
SCH	0.95	2.48
SF126	0.96	3.8
SF268	0.95	2.4
SF295	0.95	3.05
SF539	0.95	4.45
SH-4	0.95	2.25
SHP-77	0.95	1.98
SIG-M5	0.96	3.26
SiHa	0.95	2.85
SIMA	0.98	3.79
SJRH30	0.95	4.5
SJSA-1	0.95	3.64
SK-CO-1	0.97	3.35
SK-ES-1	0.95	2.15
SK-GT-4	0.95	2.38
SK-HEP-1	1	3
SK-LMS-1	1	3.25
SK-LU-1	0.96	3.65
SK-MEL-1	0.95	3.29
SK-MEL-2	0.95	2.03
SK-MEL-24	1	1.88
SK-MEL-28	1	1.05
SK-MEL-3	0.95	3.55
SK-MEL-30	0.95	3.49
SK-MEL-31	0.95	4.05
SK-MES-1	0.95	4.6
SK-MG-1	0.95	2.6
SK-MM-2	0.96	1.85
SK-N-AS	0.95	1.92
SK-N-DZ	1	2.94
SK-N-FI	0.95	1.99
SK-N-SH	1	2.06
SK-NEP-1	0.95	2.56
SK-OV-3	1	1.84
SK-PN-DW	0.95	1.74
SK-UT-1	1	1.96
SKATS_p_NCLE_DNAAffy13_GenomeWideSNP_6_A02_592978	1	1.94
SKATS_p_NCLE_DNAAffy13_GenomeWideSNP_6_A05_592962	0.97	1.87
SKATS_p_NCLE_DNAAffy13_GenomeWideSNP_6_A10_592934	0.96	3.43
SKATS_p_NCLE_DNAAffy13_GenomeWideSNP_6_A12_592882	0.96	2.22
SKATS_p_NCLE_DNAAffy13_GenomeWideSNP_6_B01_592892	0.99	5.13
SKATS_p_NCLE_DNAAffy13_GenomeWideSNP_6_B02_592946	0.97	1.91
SKATS_p_NCLE_DNAAffy13_GenomeWideSNP_6_B05_592920	0.96	4
SKATS_p_NCLE_DNAAffy13_GenomeWideSNP_6_B06_592840	1	2.6
SKATS_p_NCLE_DNAAffy13_GenomeWideSNP_6_B09_592874	1	3.78
SKATS_p_NCLE_DNAAffy13_GenomeWideSNP_6_B10_592994	1	1.95
SKATS_p_NCLE_DNAAffy13_GenomeWideSNP_6_C03_592888	1	3.25
SKATS_p_NCLE_DNAAffy13_GenomeWideSNP_6_C04_593000	0.95	2.32
SKATS_p_NCLE_DNAAffy13_GenomeWideSNP_6_C06_592854	1	1.93
SKATS_p_NCLE_DNAAffy13_GenomeWideSNP_6_C07_592884	1	3.76
SKATS_p_NCLE_DNAAffy13_GenomeWideSNP_6_D01_592894	1	1.89
SKATS_p_NCLE_DNAAffy13_GenomeWideSNP_6_D02_592876	0.95	3.4
SKATS_p_NCLE_DNAAffy13_GenomeWideSNP_6_D05_592852	0.95	3.65
SKATS_p_NCLE_DNAAffy13_GenomeWideSNP_6_D07_592872	1	2.13
SKATS_p_NCLE_DNAAffy13_GenomeWideSNP_6_D10_592860	1	2
SKATS_p_NCLE_DNAAffy13_GenomeWideSNP_6_D12_592936	0.95	3.49
SKATS_p_NCLE_DNAAffy13_GenomeWideSNP_6_E06_592982	1	2.4
SKATS_p_NCLE_DNAAffy13_GenomeWideSNP_6_E07_592848	1	2.43
SKATS_p_NCLE_DNAAffy13_GenomeWideSNP_6_E08_592942	0.95	3.04
SKG-IIIa	0.95	1.99
SKM-1	1	1.95
SKN	0.95	2.61
SN12C	0.95	2.71
SNB75	0.95	2.6
SNG-M	1	2
SNU-1040	1	1.93
SNU-175	1	2.04
SNU-182	1	4.1
SNU-283	1	3.53
SNU-387	0.95	2.76
SNU-398	0.98	2.54
SNU-407	0.97	1.99
SNU-449	0.95	2.38
SNU-475	0.99	2.9
SNU-61	0.95	2.59
SNU-81	0.98	1.97
SNU-C1	0.95	3.1
SNU-C2B	0.95	2.01
SNU-C5	0.98	1.98
ST486	0.98	2.08
STS-0421	0.95	3.59
SU-DHL-1	1	5.32
SU-DHL-10	1	3.95
SU-DHL-16	1	2.04
SU-DHL-4	1	2.04
SU-DHL-5	1	1.93
SU-DHL-6	0.97	3.75
SU-DHL-8	1	2.1
SU8686	0.95	2.79
SUIT-2	0.97	5.23
SUP-B15	1	1.94
SUP-B8	1	2.01
SUP-HD1	0.96	1.92
SUP-M2	1	2.16
SUP-T1	1	1.9
SW1088	1	3
SW1116	1	2.65
SW1271	0.95	2.63
SW13	0.95	3
SW1417	0.95	2.9
SW1463	0.95	5.15
SW1573	0.95	3.21
SW1710	1	4.08
SW1783	0.99	3.03
SW1990	0.95	2.46
SW48	0.95	2.07
SW620	0.95	2.17
SW626	0.97	2.81
SW684	0.95	3.12
SW756	1	4.6
SW780	1	1.9
SW837	0.95	1.78
SW872	0.95	3.33
SW900	0.95	2.5
SW948	1	3.87
SW954	0.97	1.87
SW982	0.95	2.02
T-24	1	3.57
T47D	0.95	2.65
T84	0.95	2.64
T98G	1	2.57
TALL-1	0.95	3.65
TASK1	1	2.7
TC-71	0.95	3.49
TC-YIK	1	2.15
TCCSUP	0.95	2.99
TE-1	0.95	2.54
TE-10	0.95	2.57
TE-11	0.95	2.69
TE-12	0.95	2.8
TE-15	1	2.65
TE-4	0.95	2.34
TE-441-T	1	2.03
TE-5	0.95	2.84
TE-6	0.95	2.37
TE-8	0.96	2.28
TE-9	0.96	2.89
TGBC11TKB	0.95	1.97
TGBC1TKB	0.95	2.64
TGBC24TKB	0.95	2.44
TGW	0.98	3.15
THP-1	1	2.02
TK10	0.96	3.25
TOV-112D	0.98	2.32
TOV-21G	1	2.03
TT	0.95	1.86
TT2609-C02	1	3.2
TUR	1	2.3
TYK-nu	0.95	2.3
U-118-MG	0.95	4.67
U-2-OS	0.95	2.94
U-266	0.99	1.91
U-698-M	0.95	2.04
U-87-MG	1	1.8
U031	1	2.17
U251	0.95	4.2
UACC-257	0.95	3.1
UACC-62	0.95	3.3
UACC-812	1	2.78
UACC-893	0.95	2.85
UM-UC-3	0.97	3.32
UMC-11	0.95	2.23
VA-ES-BJ	1	2.71
VAULT_p_NCLE_DNAAffy14_GenomeWideSNP_6_A04_698586	1	2.73
VAULT_p_NCLE_DNAAffy14_GenomeWideSNP_6_A12_698592	0.95	3.34
VAULT_p_NCLE_DNAAffy14_GenomeWideSNP_6_B01_698696	0.95	2.46
VAULT_p_NCLE_DNAAffy14_GenomeWideSNP_6_B03_698684	1	3.77
VAULT_p_NCLE_DNAAffy14_GenomeWideSNP_6_B04_698594	1	1.7
VAULT_p_NCLE_DNAAffy14_GenomeWideSNP_6_B05_698562	0.95	3
VAULT_p_NCLE_DNAAffy14_GenomeWideSNP_6_B06_698556	0.97	2.9
VAULT_p_NCLE_DNAAffy14_GenomeWideSNP_6_B07_698676	0.95	4.08
VAULT_p_NCLE_DNAAffy14_GenomeWideSNP_6_B08_698712	1	4.81
VAULT_p_NCLE_DNAAffy14_GenomeWideSNP_6_B09_698714	1	1.91
VAULT_p_NCLE_DNAAffy14_GenomeWideSNP_6_B10_698628	0.99	2.51
VAULT_p_NCLE_DNAAffy14_GenomeWideSNP_6_B12_698578	0.95	2.46
VAULT_p_NCLE_DNAAffy14_GenomeWideSNP_6_C02_698690	0.95	4
VAULT_p_NCLE_DNAAffy14_GenomeWideSNP_6_C03_698734	1	2.51
VAULT_p_NCLE_DNAAffy14_GenomeWideSNP_6_C04_698598	1	3.24
VAULT_p_NCLE_DNAAffy14_GenomeWideSNP_6_C05_698694	1	3.42
VAULT_p_NCLE_DNAAffy14_GenomeWideSNP_6_C06_698576	1	1.96
VAULT_p_NCLE_DNAAffy14_GenomeWideSNP_6_C07_698686	1	2.07
VAULT_p_NCLE_DNAAffy14_GenomeWideSNP_6_C09_698706	1	3.57
VAULT_p_NCLE_DNAAffy14_GenomeWideSNP_6_C10_698660	0.95	4.25
VAULT_p_NCLE_DNAAffy14_GenomeWideSNP_6_C12_698618	0.95	3.91
VAULT_p_NCLE_DNAAffy14_GenomeWideSNP_6_E04_698570	1	4.07
VAULT_p_NCLE_DNAAffy14_GenomeWideSNP_6_E05_698630	1	2.01
VAULT_p_NCLE_DNAAffy14_GenomeWideSNP_6_E06_698670	0.99	1.8
VAULT_p_NCLE_DNAAffy14_GenomeWideSNP_6_E09_698572	1	4.75
VAULT_p_NCLE_DNAAffy14_GenomeWideSNP_6_E10_698730	1	1.96
VAULT_p_NCLE_DNAAffy14_GenomeWideSNP_6_E11_698682	1	1.99
VAULT_p_NCLE_DNAAffy14_GenomeWideSNP_6_E12_698606	0.95	3
VAULT_p_NCLE_DNAAffy14_GenomeWideSNP_6_F01_698604	0.97	2.02
VAULT_p_NCLE_DNAAffy14_GenomeWideSNP_6_F02_698602	0.95	4.1
VAULT_p_NCLE_DNAAffy14_GenomeWideSNP_6_F03_698654	1	2.45
VAULT_p_NCLE_DNAAffy14_GenomeWideSNP_6_F04_698588	0.95	2.46
VAULT_p_NCLE_DNAAffy14_GenomeWideSNP_6_F05_698718	1	3.95
VAULT_p_NCLE_DNAAffy14_GenomeWideSNP_6_F06_698620	1	3.17
VAULT_p_NCLE_DNAAffy14_GenomeWideSNP_6_F07_698652	1	3.05
VAULT_p_NCLE_DNAAffy14_GenomeWideSNP_6_F08_698666	0.96	3.31
VAULT_p_NCLE_DNAAffy14_GenomeWideSNP_6_F10_698740	0.96	2.37
VAULT_p_NCLE_DNAAffy14_GenomeWideSNP_6_F11_698574	0.99	4.41
VAULT_p_NCLE_DNAAffy14_GenomeWideSNP_6_F12_698580	1	1.88
VAULT_p_NCLE_DNAAffy14_GenomeWideSNP_6_G01_698590	1	2.01
VAULT_p_NCLE_DNAAffy14_GenomeWideSNP_6_G03_698662	1	3.85
VAULT_p_NCLE_DNAAffy14_GenomeWideSNP_6_G04_698650	1	1.91
VAULT_p_NCLE_DNAAffy14_GenomeWideSNP_6_G05_698646	0.97	4
VAULT_p_NCLE_DNAAffy14_GenomeWideSNP_6_G06_698726	1	4.5
VAULT_p_NCLE_DNAAffy14_GenomeWideSNP_6_G07_698658	0.96	3.05
VAULT_p_NCLE_DNAAffy14_GenomeWideSNP_6_G08_698736	1	1.98
VAULT_p_NCLE_DNAAffy14_GenomeWideSNP_6_G09_698640	0.95	5.35
VAULT_p_NCLE_DNAAffy14_GenomeWideSNP_6_G10_698678	0.96	1.97
VAULT_p_NCLE_DNAAffy14_GenomeWideSNP_6_G11_698622	1	1.9
VAULT_p_NCLE_DNAAffy14_GenomeWideSNP_6_G12_698668	1	2.06
VAULT_p_NCLE_DNAAffy14_GenomeWideSNP_6_H01_698554	0.99	1.92
VAULT_p_NCLE_DNAAffy14_GenomeWideSNP_6_H02_698582	0.99	3.68
VCaP	1	4.09
VMRC-LCD	0.95	2.32
VMRC-MELG	0.97	3.15
VMRC-RCZ	1	3.71
WM-115	1	1.91
WM793B	0.96	2.18
WSU-DLCL2	1	1.97
WSU-NHL	1	1.98
YAPC	0.95	2.95
YH-13	1	3.55
YKG-1	1	4.13
YT	1	3.6
ZR-75-30	1	3.65
